DIS,XOM,PFE,MO,INTC
1.2878610561701629,0.9080957737351226,0.6588312136341473,-0.36033679281731923,0.4419130833110204
1.3480645969562293,-0.4156774112800289,-0.6266824149138738,-0.010433586207388294,0.18235423925996486
1.4337628861825218,0.3547823089633606,1.2996318069327073,0.7818010129232764,0.9765718954750156
-0.36436380893597486,-1.354875524025047,-0.5025795685708541,-0.19302743927333477,-0.7004504822693894
0.7977792872074048,0.29933121214595043,0.7298816056506088,-1.2375351741099343,0.848385890075325
0.8136645785101455,0.7449228814353327,0.9568587658133452,-0.5009799282508233,-0.6304688441448485
-0.9527104918519328,-1.2513274110207837,-0.508671082642998,-2.9465855787088744,-1.7571123875380552
-0.2931998662215803,0.6614800420550883,0.02178541739196346,-0.012812870365843611,0.23726631323665145
-1.2443957824893934,0.26566176679936926,-1.887061063668853,0.2083212585321331,-1.478591924835792
-1.1623529328384892,-1.8658464966292267,-0.1781444807512836,1.1801108994945824,-0.5591257393433726
0.7139787503288467,-0.3705916918781748,-0.4329419817405633,0.05578329081591544,0.463733522960048
-0.18023910769316762,0.03595650772292034,0.41225387289238163,0.47891680086794347,-0.7785515698987728
-1.9158700201072385,-2.7888419245094265,-2.801273617858082,-0.5470631760231536,-1.3861728211126383
0.6299894639201803,0.23231744264116833,1.4508332186139168,-1.9512553486026425,0.4121142917288113
-0.5821194032697128,-0.11801042561794578,-0.48707468048692776,0.2632144080405576,-1.786526547142014
1.2197137138629028,0.7278956795209007,-1.731047344009567,-1.6569835055031255,1.930228501561181
1.0592128799069713,-0.49805641742071066,-0.1835147606079087,1.244124227790357,-0.2539382367599846
0.6670032069123429,1.1068892788130755,0.5008773721533082,-0.47155115279067583,0.640392484068777
-0.14011294719781422,-0.3254031240748404,-0.1438705130674507,0.24369457489705704,0.23248681406675722
-1.343784415212731,-1.571562131545881,-1.407922662411391,-0.8245530398059858,-1.5962385775272914
-0.006214657376729149,0.6799077232778562,-0.2777326753555079,-0.1696073458974661,0.5576155649436582
0.634147969878537,0.4267212148036923,0.700806982477576,1.1937240353028868,-0.5954447023803512
0.31023361260069493,-2.0991418507291004,-1.1235494022256063,-0.999853113243016,-0.24970352057044776
-0.48412977459523804,0.1454955246910915,-0.09172082040638245,0.5358500785006381,-0.5453284006298352
-1.9367036891914444,-1.3441274920919324,-0.6761320457183183,-2.7361961324344097,-0.5768940057216061
0.9002886158836028,0.7337796302548267,-0.5358617607549077,-1.4976156869162742,-0.16960122664318594
-0.3627472104349809,-0.2815789364028802,-0.17119547130008295,0.27103658160254507,-1.529287948875297
-0.6909872713096019,-1.2811790023794587,-1.1795497409267002,-0.3660892623441291,0.401318920379273
1.4363293044480256,0.9993797125872397,2.391251905471373,-1.1182269940547116,1.646000283395877
0.9554889868013561,2.3285705047269305,1.5807734879114146,1.0285048454591705,-0.11190012323516256
-1.3694517933877683,-1.970680558509206,-2.7427561018925597,-4.361090939889006,-1.0380762079976078
-0.21844180221624426,-1.3675443791262596,0.6862014317086002,0.35889410591834475,-1.488442871880867
1.168016579777421,2.7824154044796394,2.2492284498670796,0.836574297980936,1.5475675554758614
1.1095562732035507,-1.6398624353016906,-0.7136782458923491,-0.6007490283773036,-0.748581955870838
-0.5102554433470523,0.619666218303164,-0.5016069311933259,-0.01123086103283107,-0.9567925353061107
-2.0029280068834208,-0.1916888018229498,-1.6455323490749447,-1.9441496139003243,-0.2898759571661792
-2.03871911417508,0.12495112812769017,-0.37328672997471973,1.010288701838181,0.21293834323817984
1.146675870890506,-0.6880661965223236,2.136951609990965,-1.2711284937544227,-1.3100482174095294
-1.0242916806841975,0.13124336118453483,-0.6361129201311827,0.1919114018555668,0.5051102636202361
2.262734956829402,1.2503322979752636,1.0615345295344112,-0.3028119423229899,1.5052380342160714
1.6245442146012878,0.9376634018370388,0.2499481411597402,0.5649879034648526,2.0474594765103515
0.15638044290283684,0.4611665950313945,1.1275661015858776,0.9490528235749704,-0.24756075532428132
1.3320764321020133,1.7175245911113826,1.2124437984203738,1.2732016293780746,2.5983931206754263
-0.7002469376720057,-1.0007884275616616,0.1725778825008482,-1.030249424201674,-5.7170584060741225
0.689538341075806,0.9172754029336317,1.1723465731250962,1.1720403848827843,1.281976946112652
-0.0065869150698878295,-0.4192086019004958,1.0092986338010554,-0.20251218702136103,0.4024790040141261
1.2197112333355244,-0.04523630537948375,-1.8339714095472983,1.8357581597604258,1.7230949942763694
-0.5277971598187905,-1.1287215619957445,-1.1661363553982909,0.3200341707557523,-0.5815335002684745
1.3142336166095305,-0.11302395713601049,-0.3724075894796551,-0.1653030591855105,1.7320436238792154
-0.7674417225411345,-0.6795286007516996,-0.6599193815346959,-0.019328221429411926,-0.8896544590105383
1.094503941594979,0.565327943736774,1.9381967913595106,-0.3168921811214805,1.5488860048486786
-1.1494147825346623,-0.7141444048805224,-0.4619201747816637,-1.0605452468631107,0.32866172090211243
-1.252800203268038,-2.126769861681041,-0.43283939533555016,0.3800636504529111,-0.6673568006044666
0.1544116188253542,1.154425854063333,1.1557154836300154,-0.8733865175106568,0.9185231665065567
-0.27006811062859104,-0.635934464179381,-0.39138036723137737,-0.7540207492307124,0.4630751469191281
0.6602767009309056,1.3636365613169452,0.5439918587759835,1.972631801761851,1.4821236643437055
1.9830763407556138,-0.6012004481067932,-0.12435112187537609,-0.6480029720130936,0.6585661370147181
1.0741145548516646,1.784668490128287,0.8557986970090665,0.8761573584411517,-0.5938170653763023
0.4136201025651262,-0.6717141288366609,1.5030738272564486,0.015563584302154414,1.1297682893301035
-1.1188934256081615,-0.5968337188055585,-0.07764913996129834,0.3102168654769882,-1.0339178518784655
-1.1198652885961011,0.1345588625613657,0.428571832544126,-0.4558028237052818,-0.4446858627887896
-0.6183241760665347,-1.1165450412730966,-1.0767406810685423,0.26402028061096894,-1.2549609541480014
0.3507030372598694,0.19885588904455143,0.6517997694397852,-9.45351367784545,0.6777982702172416
0.6806991145814338,-1.0069093452627678,-1.2796504112707603,0.41183057350388824,0.4834307836910558
0.41989359732481135,1.5911413096542013,0.6989587517509227,0.1187692862414395,1.5818377842423186
0.7778286808093758,0.45218851309845326,0.008372227378715817,-0.2684430145214311,-0.6064762759356093
-0.4273159047812031,0.1239279708224002,-0.1967222266417205,0.05579850706946695,-0.3846018646823132
-0.25871722996421787,0.2872730308092032,0.13767880027845716,-0.091656409778123,-0.618604756107122
0.70743665055833,0.008008418948160359,0.1564541051586131,-0.24015679826985495,1.4680051381632284
1.8612243956257184,-0.6344730140209792,-0.14140511952227583,-0.41675555932229175,1.4727038660560006
-0.04350219726628064,-1.061551253978021,-1.0767308666536253,-0.37124700638831803,-0.23705765078984173
0.19347591113315013,0.5482961819759128,-1.3311071670860888,0.5134232468404165,0.5717849653089055
-1.176110114788481,-1.087811468733799,0.36224061555484127,-0.13792429020604996,-0.4018274063704059
1.6189941520382773,1.5532170143842738,-0.2778669121609742,0.14392836183792154,0.9377748514163007
-0.13394428879436776,-0.3029085654856576,-0.21082725398083987,0.06447863265957769,-0.04475974260047476
-0.7990862024542826,-0.40590513629942837,-0.4228408201215062,0.4133231220010746,0.21147428529223325
-1.63077421090504,0.46402455779674945,-0.2207685328170772,0.5028473889226398,-1.0360488845119649
-1.7285432495069786,-0.2704146093545904,-0.4622625860636443,2.244945045886042,-0.9308444608129751
-0.08932679041748849,-0.05747308371422217,-0.4730374891230104,-0.3431201842336577,-1.0691328110972196
-0.9900741234948115,0.5894636535893016,0.6227110629172286,0.7389307406755882,-0.39833751444544574
-0.6938335049798343,-1.1707212500316013,0.48150761638198486,0.0941979240334331,-1.6485706663079271
0.403296758745793,0.8599926069003696,1.0373192706196097,1.3637953867693944,0.7031394051054797
0.05813527323848706,-0.09449906192378978,-0.23455456220032822,-0.29004746917837565,0.029378676172234726
0.014547812688277683,-0.30921603814795673,-1.017165571145606,-0.11829578946831158,0.02948028600948178
-0.7841429679288784,0.22678855699826866,-1.3150248539419398,0.23198247619005005,-1.0126212118921634
0.7938701230229696,1.424576382969314,1.1774281632756212,0.7806512931274925,1.0260561493261002
0.3224489482456988,-0.6669673417240831,-1.1941806640085915,-0.5461110150420313,-0.5536748262168131
-1.1228603791036273,-0.02699111044587688,-0.4155880455439537,0.14714653856006005,-1.295474944695147
-0.764059511480879,-0.7871822738625036,-0.38101922742432964,0.01408241310880025,-0.2427505033542308
0.5918091610468722,0.9612654062125219,0.8698262404973305,0.6390826874478631,-0.0013594027757255736
0.3805978884266648,0.02758398776525571,1.4689970851017766,0.4388663500502419,0.32887927690690516
-0.5124816107243084,-0.6939152713359595,0.47531238557791927,0.0691961416780936,-0.775630167235858
0.3386731437021587,-0.26071487581129354,-2.954892940154894,0.5341818262766529,-0.18045316501668354
-1.2978160499696008,-1.4224667524847943,-0.4538302999066148,-1.0026153415783867,-0.5481710229748068
0.06401594091411944,0.15021800073484468,2.071512668314557,0.047849567203122334,-1.2262560108783322
0.6336682316110606,0.3127749103650871,-0.4480900940585637,-1.6915170336247634,-0.3872586666034073
2.174825612883323,1.0018148220841314,1.8483529367035905,-0.3294629970086745,2.09933112619919
0.21459771379789236,-0.009864383830811672,0.4640093066953755,-0.953875260720435,-0.29212418497301
1.9232941000600612,1.70863118396123,0.41300951756356324,-0.5181954918731655,1.134755716527322
-0.43297260374258784,-2.500640132726671,-0.6815289781889626,2.5434667019372577,0.2979779572905236
-0.8100125859431504,-0.3444463844871974,-1.3940988136528958,-0.6712591253756353,-1.2422395616998665
0.8615828479809875,1.3286519532875016,0.4698114777358888,0.8940314626710801,0.670346949712165
0.1428436007302339,-0.994808191914653,-0.653004905766064,-0.2422787713432573,0.6226030801439655
0.3142366221482745,-0.32864331558225374,0.20811435519249527,0.16791037439688264,-0.09057184056550796
0.35533832247300634,0.5451661810807944,0.2512877302838735,-0.09945031416813235,0.7044118752325744
-1.0459298167090294,-1.0191086293260936,-0.8564634010081313,-0.4115651973963512,-0.8006089610258114
0.12373317654908907,0.24555530802672934,-1.04409156908236,0.8877815642759179,-0.29149095853853085
-0.5612795665460746,-0.8074975229917221,0.20177840356144325,0.2094138261082885,-1.6334062543285943
-1.489142140189615,-1.7073180059402804,0.9963126049981317,-1.0977325298583502,-0.11597084475191456
0.38524336121952724,-0.9392615745680502,0.4566556604643666,-0.7606169671520953,-0.0975082612062123
0.8151112262002704,-0.23173524902542653,0.6518234595685968,-2.0892860236795534,0.789032139158407
-1.346621702998487,-1.5918796563467843,-1.6428461669441032,-0.8037652318201699,-1.6252477293685328
-0.8392605561475717,-1.912277508610925,-0.9430109304659572,-0.35284616711191924,0.03988400965514367
0.23195285157112872,1.649712115486776,0.42577947224727364,-0.42060133579919246,0.27971781525011186
0.49321260807760897,2.2349291988224764,1.2153393208548167,-2.0934826996496385,1.2160069901543287
-1.7346463168320012,-1.1797572479622276,-1.8274806404158597,-0.24296733954241975,-1.7620670979334139
2.7529742694882264,1.590496755786538,1.3914643903575845,1.225423160553578,-0.2641482357487732
-0.12361587791609406,0.7676879759789552,0.15559760450812624,0.5473112695430633,0.22485699536498763
-1.3066560664707456,-0.058782871723609346,-1.2461331316686415,-0.48206745523266736,-0.30828492913751393
-0.008088074313745424,-0.94674098871836,-0.33249611635534665,-0.03992729709306568,-0.10384318950307689
0.2324428422898177,-0.5868084296597041,0.22866686430777503,-0.853190537465031,-0.37884884058697144
-1.6038916875074407,-0.543734621551697,-1.0603642979356709,0.07806038904571669,-0.7964569710622961
0.26647485044815394,0.4277734385472968,0.6154588838158317,0.7197259162288321,0.456976738730101
0.04174105861593069,-0.5226332756305643,-0.8514765131887608,-0.9784818342864956,0.13037177727420235
-0.46148948021406205,-1.3842472476920955,-1.007631739191317,-0.29173738151428047,-0.43576691167942977
-0.442512865741655,0.7772119131841898,-0.4107814343732213,0.03721771529023188,0.8071186765935864
1.5100086498786909,0.5409890421407803,-0.012709185245889881,1.1811750661020555,1.2920639396238898
1.3858218798656825,0.5433000355145465,2.019969119806171,-0.33355072419168097,1.1625526058510876
-1.1065714757642902,-0.006380102519137404,-0.6920875478562626,-0.9508410759590341,0.07893188842464799
-0.008316959536095948,-0.37030012059467127,-1.0330328261349737,-0.8830250180773427,0.33895591919150736
0.4125447384804756,1.0560964541270186,0.7092187018093575,0.9651029982293261,-0.36348982384068484
-1.0344980330844904,-0.4343532660651088,-0.5992141298734388,-0.6781482136476162,-0.5335279247308484
0.3708590633787182,0.22019834847284156,0.035072554320371783,1.255120544605818,0.3698111034659124
-0.2363986152754648,-0.703598000499129,0.5186437504466282,-0.028576554570676364,-1.0459846075216637
-0.4441258190472241,0.22797834613498746,1.2193162213769475,0.949462532936413,0.9422621415309584
1.4151309276686446,0.014206346562813766,1.0036240259480196,-0.13919187154166004,1.099496290341507
-0.6644045066223855,0.8917715087544077,-1.0529163357899847,0.4867848321730994,-1.2282183474944988
-1.9654636206328178,-0.580067027927163,-1.7490916897753988,-0.2450963859043141,-0.1053362047677919
-0.3028934987773112,1.4512515626037916,1.3028652242199201,0.12879852115900695,0.7251282810132293
-0.7699574317054492,-0.8540919925785195,0.470507172805404,-3.4813624248511754,-0.6880942693273312
0.15622333124568208,0.42791897138727003,1.3668961019372534,-1.568787296125208,-1.4207195901065077
-1.5207268872737922,-1.054344447103346,-1.5354734593488422,-0.2819214246626685,-0.2642134686330879
-0.4674033916133473,0.4151673368785886,-0.669970584635522,0.5388572238505709,-0.13352172984848004
0.45175528855814895,-1.2368056540792574,0.37869675202783537,0.2600570084335106,0.686651065693928
2.827073995086917,0.8961245395220425,0.28973884780452136,-0.048714904643107716,2.4860297950946637
0.5758860120070534,-0.30269416822012885,-0.769645807708231,-1.242667207975931,-0.3882876816691094
1.5262840144263001,1.42689500349654,1.7867150762106871,-0.34413739257476744,1.7603985963522928
-1.1229251728423824,0.36694761448019486,0.7319564108679628,-3.448507644848173,0.3452147283847783
1.0053585851920785,0.6823346718442953,1.7296428697726673,0.9829853972158482,-0.5484063334544986
0.42712775275877246,-0.07866403567918412,0.032214444671081865,0.36886048990282294,0.5448037013100739
3.907432299281631,0.8524079943308936,2.492666986450868,0.6668717562213503,1.2223678267950417
-3.2149142731382874,-1.6646098557938966,-1.9141246452344505,-1.5226762824588749,-2.1568517434968357
0.6993362946798503,0.7299418027608299,1.9403389163402736,-0.15958472459142195,0.41062950122564235
-0.15453319476413793,0.3480337030528188,-0.5182678745128371,-0.09014181520620589,-0.3185842522078657
-0.13105382613169478,0.0561889750757581,0.15795796554985683,-0.1661789721423267,-0.6456717447881798
0.2614033100623358,0.17234349781670694,0.047518629619680126,-1.7282451090727062,-0.7632354286579949
-1.6863181953186317,-2.6541832890427903,-1.2508476593160813,-2.6995896439512106,-2.0390672515909505
0.22056390255118674,1.4572166229544161,1.41621706406261,-1.5478226263321997,0.28248824239451664
2.1548819213444443,0.031848986705895976,1.1095798980665978,1.0919445925105888,2.2997308148161233
-0.8150987989966068,-1.4994985666835203,-0.3233991579737449,0.013374136879593301,0.07845820148376896
-0.5313085916328555,0.9382666044890254,0.9469628200706715,-1.205820919927249,-1.0918692406539676
0.738542289052853,-1.0917941284586166,-0.5529242297048073,0.566461973501971,0.5991870113147242
-1.5465817087885236,-1.103854264502247,-0.2963540039674318,0.8472903353049176,-0.5422883041288287
-0.08585633371259822,-0.31721556615912755,-1.2522075455945072,0.2471965030329983,-0.9171090227478986
0.6065549405606138,0.39367024572199544,0.08946243147150933,-0.2466974173965433,0.40694486737860225
1.2504271053737646,-0.8738471994308031,-0.4543257732187621,0.5613377780167669,-0.3247604427630873
0.8777451865707646,1.154537518802387,1.2541096605464466,1.1284473152975858,0.8794523162795844
0.25929577470789716,0.3274660023949224,0.19085044205867802,1.1528814016428797,-0.08706793223840463
-0.7964280564153573,-0.9034505180323829,-1.7420095216306961,-0.9215411033842472,2.121194939998729
1.000626701106965,0.7036691905850329,0.010451309236942347,0.5500874415922661,0.9652855942893379
0.11293295487554762,-0.4504125392296308,0.5051000431055298,0.19177782663081702,-0.04266630619496041
1.0057439831520367,1.2048011270598808,0.4669477443532555,0.422385405709969,0.6586436423125515
0.8685539154360011,-0.26489150801547867,-1.4079374898511092,0.3787060678985571,0.8953538002628747
-1.4205293619030182,-0.5760484376465783,-0.32808188868074234,-0.16436385553653954,-1.0419670046601854
-1.2170817678573602,-0.8989739595057392,-1.3399645277061814,-3.7965194430437283,-1.3550342095277514
0.7111518555768627,1.4056197188747637,0.7257979812838157,0.10390093971636502,0.9151026905784269
-0.3066451659740879,-1.452730181726439,0.22803896161395582,-0.43147866248071415,0.3111003272110355
0.8074942671176475,0.782354201392424,-0.09909791924178935,-0.09193464434234636,-1.0619987064843854
0.1382182976582788,0.5706638499438601,0.5478202467687117,-0.5045146911993086,0.23911593757763533
0.407313209161644,1.2213778077083304,1.262045634743278,0.7841913207127259,0.9751843285553153
-0.9987311557778897,-1.4451535662886836,0.7973260449841079,-0.08545389214353041,-0.004067875108344711
-0.08446918070081945,-0.6551679126488056,0.2949558084599394,0.10608930478778399,0.9764642407864819
-0.261951213030917,0.4077449624701089,-0.40945237583473065,0.5971989227692562,-0.6697689809382419
-0.4949877983669064,-0.24687504631808188,0.12434165488801621,-0.7719726147811806,-0.6836493053391846
1.237314514562599,0.8289789077887479,1.7058944238368956,1.3104006518016411,1.3863174902916293
0.9367936450066939,0.10809494534529517,1.3022010819742094,2.3999613116548577,0.7664829327755492
-1.3631505402568846,-0.133907879408571,0.09585811609860141,0.05221166516887006,-0.33192493837558723
-0.5215325965614618,-0.8831714473974428,0.1621889644275554,0.2826749423218443,-0.35565317767442983
0.40213026713983585,0.11364419233626213,0.706613801437404,0.40272612678874137,0.6384925303943239
-0.06087987340211023,0.3180292060701986,0.18601769199013796,-0.7640256390560675,-1.0075447626864753
-1.637998862238498,-1.1499440506511884,-4.091724578885262,0.3063824394109724,-1.716783538382195
0.07063890059278004,0.6323330189865939,-1.3463588191462614,2.388673013923932,-0.04532591658368518
0.07076106173639264,1.1197319029085508,0.781373535585987,3.6820673195553923,0.3492070868747188
0.6302092095137405,0.31679323184892627,1.2732026815778945,1.351110203912723,-0.1705043659300583
0.30813255626788827,-0.013788710191775782,-0.519348309662217,0.5350749768351475,0.05882551840182577
1.6306697500168525,1.793987485170436,0.18318319799304886,-0.1296585879783794,1.9638397909600902
1.4283584243762726,-0.7335048467897224,-0.42134404532046604,-0.4717335995738408,-0.10438624776132338
-0.40942509766493174,-1.3004281106877653,-0.9362262387938657,-0.049050873302227245,2.096792220815058
0.9130323164438927,0.9840871461728881,-0.5215705414151095,-0.0338436845557569,-0.04358116998916381
1.0195281176515931,0.35682388765231005,-0.010254182815601878,0.707433168051925,-0.8650959087814527
-0.7690341156422057,0.9060855046535533,1.437402554558633,0.5318193625039523,1.3445556361627602
2.334678466295,0.946797610733965,1.4472980090112226,0.45129424049682076,0.4947409303995772
0.4817875046247313,-0.6823754101379108,0.69723388759578,0.06251270356909125,0.8179338118856582
0.7783146221750034,0.3568189568659023,0.6774945453410323,0.19703559261455048,-0.17097571903859343
-2.274892775266491,0.20914663884869106,0.16825746514272494,-0.6950129296894341,-0.19080615354503283
0.7073350295828708,0.10970624478446216,0.2904475191922446,1.0072511570665146,0.5264821313046906
0.4167598273372482,1.5930865310155422,-0.04972030662671664,0.6478238701247854,-0.17265279121776517
-0.009805546509453453,-0.0928800410722787,0.5041415107207848,-1.0805738536194287,0.43459321255174577
-1.0908148666791917,-0.7747090329484558,-0.9065679624349867,-1.1137635247194795,-1.4862659579709314
0.7628791936188524,0.8666119651449661,3.144176769595342,0.8336239249207903,0.9331777732083402
1.1068995397561714,-1.7247047688299622,2.7743893627345146,0.18453683114257702,-0.8157741150782717
-1.2737023697680288,-0.9164593431478542,-0.19424713774503982,1.5517344353036682,0.5416788750295073
-1.283830062662595,-1.2557814954744733,-0.714311265571253,-0.7501644733419129,-1.2323701916104053
0.5829779523802436,-0.06622152516786871,-0.03955163650229924,-0.798436916958506,-0.9101985162010916
-1.1814930960535308,0.03508213222269534,-0.308290026235616,0.9720117897146379,-0.6480332645464114
-0.5945277564654297,-0.1982156089131514,0.044017071817763986,1.3515484723918643,0.15604860217032024
-1.361442337697314,-0.7307010148186864,-0.11174829793755381,-1.175805277874838,-0.8674739057971724
0.7490815019443947,0.010482033940162875,1.1878591056324044,0.7548623028412645,1.1820826526781634
-0.16664341977944308,-0.9957071485909593,-1.7490376177521834,0.2792224038564163,-0.14778172468597683
1.0540352872081349,-1.3612519664951095,-1.4831007569108887,0.33269701688529696,0.45940733584019494
0.34897909824399637,0.6363595269631209,0.6717846854112081,0.8670518793420751,1.1695308752989413
0.8040065855972929,0.1751940299536846,0.2198752948268962,0.4274452622988796,1.5182544834621405
-0.3657700675810025,-0.7068775396034382,-0.7411760410555542,-0.6771980429272255,-0.9639897794749364
1.2777727223756548,-0.1269218264742077,0.31835615288430946,0.93703982445056,2.219371918565959
0.03969258857328889,-1.240187690303704,-0.1553080368578103,-0.1909840582268023,0.407723990983261
0.7849177368452628,0.4942162960111233,-0.15850799580003166,-4.063364191254667,0.5658713099133175
-0.9082633353129397,-1.1310081393397247,-1.0700316557275968,-0.5694985626281461,-1.0595160635489045
0.69121147287181,0.1857082431682686,1.0529116891080443,-1.1010989976319019,0.7560532944396409
1.1496594154452164,-0.9720426511035551,-0.6823649067144913,0.08144913138222318,1.186145977314181
0.08734826295636526,-0.4218166034086272,0.049932583660347876,-1.3587840142839198,0.1137488432788873
-0.7504647720214597,-0.9028543205156214,-1.0106815941909997,-0.45632563787556657,2.054044640281462
-0.5866024672892511,0.7284566937039239,-1.1920001548163273,-0.20168695474459422,-0.6638483568355432
0.46740972307620204,1.8980234022982276,1.2886050623347278,0.4446672385158101,-0.487172600889352
-1.53965817642894,-1.5049660360810393,-1.7041444611268801,-0.06191883396293103,-1.072955997633233
1.0397384148307618,0.8415480052016222,-0.2086504095285496,-0.04283432119632388,0.6046503646054705
-0.5470264391558906,-0.23459138564203655,1.0186202652404914,-0.2724180290894179,0.6494764099953398
0.604021947552352,-1.28019962741979,-0.7546869331568141,0.029776204725508994,-1.5034728396488963
1.1013657645974102,1.3197574861201853,1.004725931946575,1.2938342714118989,1.6179783648595878
1.5208837162970992,-0.12300034010545942,-0.5153759330590157,-1.1539295085747479,-0.2844274806844041
0.3293813910145462,-0.9853556701831285,-0.42268159675078537,-0.05888573373703807,0.2143366258515717
-0.8923666731782848,-0.40395634965724275,1.7133598802217374,-0.4862103610669228,-0.7420514527228441
0.5556788210374074,0.6345028928134275,-0.048941708211244696,-0.051752952227519536,0.6724702193351605
1.4437673131218014,-0.8091863880748312,-1.3842271494981828,0.4022401137456978,0.19839190708180113
-1.0011885147689297,0.698623342642763,0.8048678200502931,1.2227414527090468,0.1635531315947668
-1.3967582152573885,-0.8457662457645002,-1.1606304775494976,-1.3299430198201085,-1.5180275722950196
-0.3632587428482954,1.047663976571991,-0.09231960550869044,-0.07319981929944606,-0.2623774264616558
0.5940461403446803,1.3122529000297667,1.0345290617309535,-0.4251545543561421,-0.30152692146601234
0.46471451170542666,0.6457962447448279,0.07339366430554535,-0.15193002980076675,-0.7885972531100283
0.51159494398856,0.5950647857293155,-0.11510483982768056,0.7578416274224976,0.5685725374750924
0.9737025120434459,0.4289246957785738,-0.07427035960011916,0.49588389385720427,0.8373519569883887
0.11118534153710216,-0.6932012730637956,-2.5776849647256546,-0.7297451610354585,0.5892663165378251
0.135720325081065,1.1416599270474272,-0.9411679595039483,-0.9561049326872081,0.7436334884782919
-0.2811501562406066,-0.4087178570780952,0.6705399303204982,-0.06944474920337361,-0.18947046247650673
-0.1346822084401829,0.15199464242182759,0.11786598156709135,-1.6578079743458676,1.9794180262052723
-0.4349676929634428,-0.7931534769487868,-0.4245322461595432,-0.0738291491517045,0.44777516909358106
-0.6424313593937893,0.24205854165485538,-1.173385608691795,1.4811333458705545,-0.21577814848284033
-0.9874186482393119,0.6215936989598684,-2.1541484817704446,-0.12194737098318915,0.022746519619482913
-0.5068577300061016,-1.6352733415743683,-0.5192122883082725,-0.5978518041948176,1.660934142297164
-0.4333268489082448,0.5845950907766646,0.7259129782759691,0.6648864721953497,-0.2771963448501448
-1.08402341932144,0.06854303343652833,0.32421771773018326,-0.144471056202224,0.7490661199664986
-0.36500915252680355,1.1120520831843925,-0.2159195030902112,0.49066806517041733,0.47864471913130097
-1.1733033464908502,0.7507365225393916,-0.22017908743927359,1.0212568465896146,0.4265002031723911
0.5458879436228262,0.3218042064743748,0.27020766520321143,0.4285421736793771,0.44008626150536323
1.2264728324456218,0.6669357574209162,1.2873279168508498,0.74376523761983,0.21259110552596733
0.9880958076310771,0.2082717930060764,0.9790525709918192,0.2235302409888499,-0.8776522263650298
0.363069167331476,0.12314840058752692,-0.6327543259875968,-0.26571915615265246,0.5934349691103565
-0.7381325386831022,-0.6682132823536346,-0.19875083140143496,-0.587251823100549,0.14981661565044427
0.44838982969759467,1.3603067017518333,2.259765477325139,0.10343071550664416,0.7332246230871147
-0.5000092024690297,-1.1477510615936177,0.4662574367815875,-0.30911376478435515,-0.6641810932840752
-1.6192163801431159,-0.42451817694442173,0.20812884244308213,0.1294291125302443,-1.9242271021901323
0.2128975668770391,-0.10886220780451257,0.16658337563209705,0.13585601862929425,0.5944314666569058
-1.2609206164294682,-0.9097100180529256,0.14648112235580243,-1.012691520009119,0.48880694790067036
-0.4153306273810737,-0.7652036588652842,-0.07930853106597763,-0.022590042551188395,-0.6185266354622849
0.9671414867704073,0.4870218188899374,0.31280097960127656,-0.35524934258693625,1.5071624332916278
-0.5000054847621785,-2.756803685490409,0.29262365451110317,7.829849282268205,-0.07931074623100384
0.5068164697711888,0.5651740802230849,-0.12952439863233026,-0.06100503565666495,0.4295951014399937
0.07453155761177901,-0.3532770017492212,-1.4430543325794358,-0.008599503342886502,-0.013893704003409618
-1.3819616914659196,-0.8704684721178659,-0.7376248374632904,-0.09789155671261718,-1.1145221278975899
0.54646500871498,0.8638016670522761,1.1300028087282594,-0.01921355317878727,0.6733474336327342
-1.1667722322184833,-0.5580186002388744,-1.686413674121046,-0.24528891548297346,-2.007114161802155
1.4672189601274248,0.6115107706825161,-0.8763780682314196,-0.4195898399438516,-0.6030330111254959
-0.6879908614352461,-1.1741639202221654,0.08483867790258827,-0.6353073429414192,-0.34695686971309636
0.5781303964425745,0.5845154970042159,0.8194797235553621,0.12366832846692545,1.8803573411692145
-0.33657312333421907,-1.3228505783641877,-1.2444848463222244,0.33342749637652347,-1.4907786472470992
1.916225205778573,2.030240301371499,1.0397653820147112,0.7368107996863488,1.8635922720650036
0.30306982810152566,0.46249762961940216,0.6163225788829877,-0.16371608276827454,-0.04679389599831247
0.9542988270862164,0.41085524185424194,-0.64626857708761,0.5230857599186747,1.596293863088942
-0.26677699648332726,0.8170398497397537,-0.06169372766655727,0.45627876537641227,-0.11075866477658984
1.0319348704483502,0.5707827983489976,-0.23873223467508586,0.1010892114570913,0.5975829005773141
-0.29292293457330526,-0.9157376039393287,0.03832966224336539,-0.39911060207518817,-0.4822268402939481
1.1627036810897158,-0.3474491187857478,0.7857692768778548,0.40110327541785534,0.1319130831467868
-0.6255376644054591,0.8599463340930544,-0.5293962384662276,-0.3957585357192848,1.0334087582475073
-0.4634264370540124,0.3893083286498987,-0.19637986529220564,-0.3485658941384802,0.556591245580298
1.2524246798781133,0.611310212876647,0.5695539121851151,0.09597525263510193,0.4106536001058721
-0.5716529884118492,-0.7986505432719615,-0.7350686725989827,0.18977670161288848,1.029624295034144
0.40906018757569307,1.0601988845090613,0.7656304219132298,-0.4603529063617648,0.6898762571654762
-0.9172062213511754,-0.7942231564586457,-0.8498866534283752,-0.4011696506988638,-0.9099045996645869
-0.09796516910019087,-0.21642101406492348,1.200643273059009,1.182327164532753,0.7420510973332125
0.6722104576874169,-0.8688856793933369,1.3299491012232911,-0.10703657472403154,-0.0929827817776079
-0.4976821137947328,-2.9792216475928184,-2.2858001279952265,-0.33120197338367785,-0.9696145829129184
0.6452515023370671,0.5507249282141908,0.9773769796911125,0.22922088698945361,-0.5082023801456186
-0.15514986681574247,0.5520944257175561,-0.40654004037471503,0.12861255739400573,-0.25661847064374516
0.9549026372599723,-0.38471409623200026,0.33724644422514677,-0.6117957382738451,0.5151363316176437
1.1089761276468266,0.5884862006823126,1.3391002715477243,1.427884632958468,1.9371982525741493
0.62436301070859,-0.6053384639740883,-0.5526727736129773,0.691947618726553,0.16720361523908095
0.29060793258548695,-4.2495088548031745,-0.9648832320386953,-0.1702465143402397,0.10606310683524393
-0.6778332376774661,0.5471995006341539,1.8080469345766372,-0.274141168593465,0.060132133863501504
0.7648422530665359,0.1443838079974204,0.036164336513138565,0.0188962468886907,1.622223939417036
-0.4845962943324925,-0.9121267188924401,-0.375117394471699,-0.13176929449773497,-0.5705453562972116
0.7374540133000781,-0.7594026176712692,0.5030616559577379,0.6945184811901153,0.08846035359466452
1.030805315000692,-0.3435260709916146,0.5297257779555672,0.44971235127061976,0.5397301070807278
-0.012713588437742923,-0.3514195104713966,-0.2103172082412409,3.5185147683668165,-0.4095933106315523
-0.7006729446154052,0.40512150609521524,-0.72053048933246,-0.3681288468018157,-0.7677182183499108
-0.0960420007659042,0.6298757232680852,0.8269085744821952,-0.40819283774614257,-0.0018056836561553516
0.5970879681458234,-0.1628510165070092,1.9031466742307892,1.4871555258073315,1.0279921561402972
-0.06818864276278219,0.5154631231475878,2.484979848803851,-0.12004416561230818,-0.5229115021425331
-0.7110266451045485,-0.7540778297987333,1.354881977491823,0.13267078423271367,-1.5688890470478227
-0.1255717583498477,-1.1279860190168227,-0.009187927404504094,-0.056369479074094675,-0.9444820751190016
-1.4713583842121856,-1.265420370080328,0.24481776906015176,-0.6404782366205113,-0.6672086367952832
0.7634281816080675,0.6612128685082284,0.5251678524541646,0.09752995491684006,1.0713553778597513
-0.3289306877211392,-0.42965053413985055,-1.6658996508811643,-0.043052705580748085,-1.155199700387881
-0.3024149877339743,-0.01249389409132863,-1.0041686321440346,0.02608697702509853,0.7664342231972318
0.7100661018367695,0.4955769445001649,1.5415142170957707,0.678095934632397,1.7862137112968681
0.44668149834677795,0.6048889759022608,-0.2185563252857823,0.26205762668052307,-0.6449851407113736
0.24477441401420066,1.140941864756504,0.11815090115505356,1.55194656225397,0.4083471358696137
0.015480912139283787,-0.30731012657732104,-0.5515526071512492,0.05571804703864411,0.2654502184846808
0.21647828472596106,0.4150980516295273,1.3201053386624744,0.38630999838643815,0.7482884353777032
-1.731222904024167,0.20112695632938432,-0.2877577513601175,-0.6068816315342522,-0.3301471895880851
-2.200324988740135,0.011155430192463843,-0.1621756410018271,-0.7689951831625536,-0.8416152966503219
1.0410527400031941,1.227669102537514,0.9365960353181887,0.11813291985815942,0.2852338038829638
-1.6188947940559693,-0.7541220053655349,-0.36092830591186215,-0.3375093677991747,-2.385317366784306
0.2926219107329736,1.5928920260862138,0.5236663027033294,1.4294727579971178,-0.7963659019202564
1.5892259767932024,0.534052518156987,-0.07692865588468009,-0.9291745749244027,-2.414320350766539
0.9447116775938164,0.29842982782868377,-0.6493155495619288,0.6153529632728061,0.259674588205441
0.6975596609971849,0.22079510356490292,1.3417805846964783,0.8809554868931494,0.8054589161406264
0.4868642810981112,0.30367631566481096,-0.6174533916280258,0.005794259785130594,-0.11853801159721784
0.016021060597538724,-0.8129068195156613,0.10395095692898292,0.1972836225045924,-1.1066131021792405
0.3392471580160889,1.7257495872485287,0.381551675732599,1.0660025101720507,0.0014840700525379229
-0.04283832154436251,0.9681283547242298,-0.5700787690500912,-0.19157281438893867,-0.19207679602125477
0.5738120053187371,1.2629480194209983,0.22557928996393864,1.294310278406078,1.2430675416737371
0.2497951855021345,0.3805967838818198,-0.392984175436127,0.446172060270636,-0.6070671366028503
0.6276096476379519,-0.4302164333573916,0.08624939027907906,-0.47531306468185125,-0.2975189937953692
0.015492861983818485,0.6199949080019986,0.5514666929483452,-0.7764709509495701,1.1729368552163772
-0.2764701878272702,0.10546994160290422,0.5035062938974904,-0.7480217137076535,-0.08605137344734871
-0.48477606037505533,0.47127391261730683,0.0878429280395434,0.14335270426922495,0.45076536977751724
0.7815330325837726,1.2799628296411727,0.6342718489974064,0.9208244836687989,1.3163708108370644
-0.5439606552622451,0.1535698518415102,0.18802892046787295,-0.5358311687840073,-0.22026874436023827
0.07510279081958636,0.7218283899134559,0.6641260127313537,0.430886523743379,-0.01753003667986261
0.9884605779702826,-1.064114142683063,0.5629754023571595,0.23060231717428928,0.15287833298017203
1.3504517182411373,2.332332008662862,2.3594328905286432,-0.6499620688435075,1.2328715834545534
0.1585218045063905,-0.7612822793206592,-0.03185186456185041,-0.646481522972662,-0.05155075194439382
1.127491084367219,-0.8181750582691597,0.7251531364581639,-1.063494938519934,1.7650649862211136
0.9988605162001866,-0.3400690681455291,-0.7701098818275522,-0.09619967328775338,0.367677827540509
-0.26612510996583477,-1.610040066507308,-0.8974088003889209,-0.48680040584947465,-0.47157577288094793
0.014203810725043682,1.2792596468881374,-1.049819364219411,0.3850019005856089,0.2575006581856992
-0.5806436470711315,-0.5225853889775951,-1.1064676335718857,0.006982327999759251,-0.9547571081578786
0.610560814912725,-0.09621510338106672,0.03759189511334713,0.9410061807475553,-0.36792321650988996
-0.24103582589865916,-1.0789942931771084,-0.7864659583944581,0.4279207824057445,-0.5909844980841424
0.0713482330194629,0.44142008592679044,0.45267884108694895,-0.8759964376294164,-0.32493369507522
-1.1072378941899998,0.8360067589356825,-1.146687912641084,-0.705312626692041,-0.5176085307326858
0.3044308219146884,1.2427687018407643,2.6846965119016915,0.9735191282375426,-0.751624496290676
0.33263470146493196,-0.4579839254723901,1.1198173654559918,-0.032221711122813496,-1.049046966780045
-1.9183671202458792,-0.684708313256977,0.01271365666183148,0.5205627596537954,0.17900182941250672
1.015501159026644,1.1499915339194364,1.5212940684034075,0.3656487596586493,1.1723876845904422
-0.7197376807290249,-0.9730204186525303,-1.3368481181897944,0.18301145857265366,-1.4606292294851941
-1.4797829039017516,-1.0290777761796588,-0.7261638141199581,0.8408163247035211,-0.4875377184611634
2.304704882751147,1.5077072328247745,1.8267859803094832,0.3231814351708854,-0.9348504723322218
-1.3376183685848133,-1.7159178349428872,-0.1490730704056901,-0.5763527801554851,-0.7255130629849611
-0.6107027152188534,-0.3262912906587461,1.5928315293737598,-0.7438459392936442,-0.41347066459924153
-1.6539182052522818,-0.7590507281621454,0.597395791102012,-0.050100404938100335,1.9790036334339027
-0.22938673326644932,-0.2389261440391029,1.1032936509406404,-0.32141449553342893,-2.53019131669528
0.016593487968956426,-0.0235931393715856,0.26225366770258945,0.30760347587572556,-0.22310775659235205
0.4483490857797988,0.22230796637872258,0.8841876861349933,-0.7469088157069511,1.746791267071119
1.2686559255268963,1.0734768008110038,-1.470670733142664,-0.578080555517096,-0.6019841958920252
0.9188193032452071,0.7865300313507008,-0.08472136623907198,0.9755606284153028,-0.09103604465953413
9.827812367297255,1.9217755665587517,0.5638955578039913,-0.39892296772012736,0.7918609806850653
0.9199378841599956,-0.11823971726128475,-0.8249898168420032,0.3396797999936597,-0.4954396938022625
-2.5681520938753937,-0.09661291843092584,-0.6955077153274446,-0.8859845591787019,-1.158429387175487
-0.0608944091036767,0.6603830651968315,0.7662769372291043,0.5702340315963096,1.2159338049279036
-0.4723445710638276,-1.126986910586727,-0.6835775652489905,-0.11551506938226075,-0.4254267200722221
0.6889554842740893,0.259553543327984,-0.2570876402745455,0.08726364647691584,-1.377916460692393
-1.108097708773688,0.09325248480257113,-0.008215973726823306,0.07589305035025154,0.17344859240925006
0.476718946034588,1.2341077018110373,-0.45864995226925837,1.7903491615711347,-1.9791608735573718
-1.9746306790813561,-0.7464042728196788,0.27357102938517913,-0.5695410592855248,0.354593749095077
0.8368341687139357,0.7172832675747381,0.18864346007309227,0.4015386261209978,0.7788864292412644
1.0484745373577065,-0.923644019571608,-0.25288138137265176,0.45609023642802865,-0.2685258861689163
-0.5054386518012549,-0.4418088428919697,-1.0735402694775242,0.5799937731667414,-0.6237784778571445
0.8240431386457985,0.7568801923874935,0.5788476585928958,0.7050235779703093,0.9228346591086422
-0.2833729706419994,-1.288152009990028,-0.5557790076054239,-0.13453194753285191,-0.2119472495119096
-0.2853346557281605,-0.44529162614530265,0.7250514340874427,-0.3101021300258423,-1.1444322771484943
0.3587392640815608,-0.47618715180978477,0.9493969769417193,-0.7507086886216331,1.1690464212168246
-0.8114930016030808,1.7463002762626731,-0.4404762760221473,0.9189549720006697,-1.4226497253161874
-0.6196104760651101,0.06747855981612809,0.7921837509963623,-0.061083125980235485,-2.591413912978271
-0.0387489759473689,0.43064871823047274,-0.4668695977098329,-0.1290320934179094,0.5361369540362402
-2.034829370152382,-0.9599815233820952,-2.1677222057321406,0.25384950254004107,-1.4200727980269379
-1.338977959129047,-2.7904248273117886,-2.564078141021386,-2.1078898217830737,-0.518030357946441
2.9994745602312327,1.4444995974865313,0.1192599126701152,-2.0941481383679075,1.2376783640759257
-1.998805012521215,-0.6432613858205211,-0.7279296297820957,-0.44748530020016924,-1.26727121252161
0.1694346078790851,0.554211864360053,1.040928178784263,0.12060364473981125,0.09013301493462385
1.023809466600419,0.2879069699999543,-1.1234469868313075,0.7079943152508972,1.2792422423202545
-0.19384270607610954,0.4032252738966617,-0.4268184932535379,0.19672236696682244,-1.2664217292600237
-0.9001994616092686,-2.3130732980391806,-1.6775609298473246,-0.45840027291984325,-1.5513963090267497
-1.3151838994216483,-1.3216436756622953,-0.5437138768595923,-2.056912386277004,-0.5992563253231596
0.5215519784164792,-0.48300066776092976,0.9986049461600446,0.04722464516233031,-0.18937601432570922
-0.9005167585384305,-1.5705211032862871,0.10145505757662772,-0.15082808786874832,0.7715852497313658
0.7415922401302332,0.24380403550626933,0.30528139648749675,0.37289950194518845,2.639703838598086
0.12082378469102027,1.0007881152148994,-0.032728118599914084,0.21402166184533575,-0.8779274162898789
0.25501888964964764,0.6814456402948272,1.6819947856058324,0.7627852381134161,0.6031182697005513
-0.0672459682147645,0.92137047018792,0.27601902079426444,-0.10577955895286086,-0.5733975719601615
-0.5278664501537198,-0.0019378889537163282,-0.1873445159468605,0.18838268352280327,-0.5174209691562385
0.9602105445304341,-0.2466118091353121,1.2225290171798564,0.812800113403325,0.3419383090262917
1.5818302645273619,0.7850330687015,0.9110795808880929,-0.37718045223353536,1.4995424003097895
1.416469907786976,0.6697064961969605,0.29587879840063025,0.4925836464547366,0.8351829617439196
0.21768571013354152,-0.22875565321666202,-0.7166201653401894,0.3042102521785683,-0.6037701010812475
-1.5222460748184043,-0.760847410972118,-0.2778976661263269,-0.6733808317047482,-1.3799177947864738
0.6146654287237907,1.1707304737170303,-0.14583100451531886,0.2248455705971101,-0.5607036841816363
-1.4656435278275686,1.3925036840896223,0.1746782582316375,0.25969595495204467,0.4474133617469982
-1.9075437163861113,-0.7336629223055987,-0.6413850164450193,-0.8577790493048549,0.11030098576859976
-0.013633444305062137,0.9707182702990811,1.0006218084929672,0.6076082287887019,-0.6728067223394154
-0.8426391524601653,0.7405508284319134,3.503773080491448,-0.06475485862543398,-1.5746787835542015
0.5411492376987864,0.30075233073264884,0.5483458854176709,0.35645254676959914,-0.4978809635533576
0.15229077803920357,-0.3851221917523829,-0.06534888944446587,0.7008862548103433,0.4694180490735467
-0.4586272334715562,-1.0723051469748988,-1.7361448473563075,-0.24532270082314653,-1.3952736769355685
0.5432504932294241,-0.8946323508466455,0.40096382236675515,-0.7939444330564468,0.433004044499481
-0.34838542775149767,0.702558418828624,-0.6996404844132857,0.8285960154791229,0.49752589651999485
-0.6613415334372958,-0.8562251517142704,-0.22871022038849698,-0.8530800831694807,2.169411899345776
-0.7834987645539361,-0.005269502502177027,-0.25335435845541937,-0.47435381423365375,-0.8487756796340875
-0.5907112019114851,1.6224766013182421,0.3230956605671952,0.35204981667291985,-0.6220241735996991
-0.6847819486554557,-1.5210234801583478,-1.1697887474959752,-0.9255249551350302,-1.2063663962866
-0.7521509228527458,-1.3952780465168548,-0.6458198101347421,-0.5595022595363115,-0.5292473922142124
-2.03556541258298,-0.07073237728332409,0.4201277666929069,0.5498865600731132,-0.9459028751483132
0.2906823004747509,2.4219383700320978,1.0020911093289244,1.1882694626427017,0.6690134775409873
-0.35017861685291257,-0.41488928336653347,0.8409420594124695,-0.10204652148641136,0.50523075888566
-0.07550752926070087,0.8819703638112261,0.05510262179246602,-0.1597034922783787,-0.12819365327894303
-0.7889890527330414,-0.4196539277654263,-0.15920029055927917,0.054754914550355305,-0.5406026599749504
-0.9571884602331658,-1.3145837197655925,-0.4028594422764778,-1.0516034391694757,1.0800626110612666
-1.1322682187203488,-2.6442959270531357,-0.7897954517496549,-1.0464784703621572,0.14275770915453534
2.7674921352062967,1.533424576509258,-0.18953146430635687,-1.87438656022699,2.6630416250459708
0.04747712731706381,0.6807782230981687,-0.05542337894703206,-3.528692892673988,-0.4640032027437576
0.9053475741699107,-0.5986582376843992,-0.7113636706451142,-0.48715165766784135,-0.31753445642039313
-0.1974173763653806,0.9624257819903824,0.4844698451940657,0.5381313607113534,-0.91120397809227
-1.064611499490072,-0.5065653819250958,-0.22336889466719853,-0.29721957364156143,-0.48007375990627377
-0.20143534094949572,-0.7917176670349307,0.13410902778438052,0.30197509560728103,0.6488151683628564
0.48532045031155496,-0.2629078891199197,-0.9136617154769952,-0.5661575159252507,-0.12642016739348966
0.14148956830312304,0.17813013559177426,-0.6752229495960441,-0.10268378632801656,0.6247197951860822
-1.1783933875537913,-0.3536015651470741,-0.18475145348258878,0.019767671956061557,0.26952824725368923
1.617944633483938,0.3294052025596935,-0.8967033230941057,-5.412287056161566,0.37854653840250824
1.6718286921323167,2.038498002858867,0.7483473844804368,0.7314476834792756,0.746708867642795
-0.2873442406238999,-0.6163355817136428,0.39275724412617175,0.45403035362858823,0.5451538346199842
0.1378602791869937,-0.445587172505111,1.300314958305325,0.3670217751426587,0.1336983109458837
-0.749909496789062,-0.3307783639183219,-0.1338190664202237,-0.3007954742326952,0.17684447291951091
1.118688136613399,0.8375682667378039,0.2889518613327355,0.30521945252546906,-0.517022391149007
1.7288496028912856,0.076052348192401,0.7413838593412132,-0.008111679521963754,-0.7434397759823715
-1.3619069313696912,-0.5708026682936066,-0.4619678335949369,0.09956965362942578,-1.3848168840805255
0.2571896334582178,-0.47300289472242135,0.19198917291495726,-0.3517413884895088,1.590582764022684
1.0052111737556781,1.2554793756240035,1.0313497509727998,0.8148669707214893,1.2852827814910122
0.579533265972362,-0.32258925124114635,0.31578974400952076,-0.08058809091635737,0.4737417341559111
-0.07383046948912025,-1.037612105941554,-0.7715652214945323,-0.6695240838305663,-1.3121277622674605
0.4007938607103695,1.0432675074139037,-0.41970854035027205,-0.27332076696026447,0.4810535305701844
-0.014598989354958972,-0.3685582210615712,-1.311627418853125,-0.3254803834927051,-1.4634758369281784
-0.07413738428423976,0.40236744055093077,-0.13998252573619388,-0.1789419080379808,0.9257364063776662
0.4908761990620101,1.3100966016161746,0.35362598795788097,0.33175796952188785,-0.7185255509537105
-0.044410558807587465,-0.008469170313353492,0.14609671131626029,-0.27474543892730363,-1.131217886927272
0.46048159123828614,0.3556942460278555,0.43726662289553786,-0.266037130074013,-0.01687279538261634
-0.2228152019806569,-0.6394114836206447,-0.5958371413252751,0.1883523231605666,-0.31096295872799085
-0.10441340174651927,0.27631452948343443,-0.7910985088124389,0.07009212320772656,1.1325852669246104
-0.8279723275567672,1.1377289584051362,0.17724456013039075,1.0341707156150175,1.0232192731579337
2.0493524496815523,-0.5123803277840548,-0.39309860291309306,-0.10996012464972188,-1.3049225115926235
-0.48718416114687096,-2.379985162981132,-2.7449521547509743,-1.1485472551387352,-0.4214851909568349
0.16300069416418908,0.18170084558506028,0.6288328813067071,2.52198985343652,-0.9508146612946895
0.7236865254708058,0.311240107846398,0.7299049389612962,0.5088084183741614,0.4634552113280171
-0.014951130207661832,-0.43945559656201433,-0.13899523739370565,-0.21613771361065676,-0.039993576756381995
-0.6377530798620968,0.2973929829608225,-0.895402935495948,-0.29699616211453045,-1.386105051091593
-0.04485201428431629,0.1898562657471878,0.04065198365210146,-0.24212552232853227,-1.6759305587600062
-1.7405309608638453,0.7469486260546244,-0.17018479516193957,-0.40751772674070014,-0.5678155748415026
0.07663773328935718,0.5007947063134925,-0.38682367632935827,-0.2369628911013047,0.5135584477162668
-1.187765317628249,-0.21176740517343456,0.6083150328231374,0.07160690833176714,-0.32930717166392115
0.7590544387405328,0.19363083961023214,0.1769147948844346,0.4592900238115875,0.802685725726412
-0.7906855924011691,-0.12556848597719256,-1.025070089798567,-0.09564702019373489,-0.8364968984636728
-0.39090936093377526,-0.6406760670717251,1.4807690246297935,-0.8437262180586471,-0.28409802803428696
-0.14115381342837824,0.48260091655869625,-0.3808884636439647,-0.49409116934032715,-7.189380851048114
-1.0330647552556385,-0.4375632880951819,-3.8799889775455014,-1.337811263930737,-0.5844041289829633
-1.373658569192245,1.1091742378821068,-0.45324508563213584,0.5665850220657104,-1.0560570848583504
0.11520369492862816,0.05854122562987456,-0.6280413947260839,0.15126965631650985,0.4048001824078795
1.3123529451018883,-0.10756060329245529,0.5395100269939973,-0.16297891510051574,0.7657478469561027
-0.8548112843049424,-1.885279987985708,-0.7868007976503976,-1.3138544048199936,-1.703806452929816
-1.0960008077664511,0.41142121490836503,1.2509037804785021,-1.0117973166781462,1.6966911250616468
-1.1794940803473093,-0.2712392659396905,-0.48976089075815776,-0.05097378071610977,-1.4884272580727689
-0.38516560401203076,-0.08283511994029394,-1.3578077654526453,-0.5540969125744571,0.6942230377834149
0.3217019464642754,0.08580942936657952,0.8843620752111403,0.13379925466096973,0.6868489340762242
-0.3871337583920581,0.8682852135062809,-1.1545041934156257,-0.7014099555595504,0.4185448012493369
0.5259097664161558,0.42472595992943457,0.7638841359417924,0.695558888083418,1.7975923985934976
0.28801016463269635,0.5480217928550137,0.08544567332127025,0.5304362463173428,0.2855339683361694
0.01821689239227564,-0.23424159505733672,0.6004568464720672,0.2301540412386482,1.1454314033484736
-1.1391311588126458,1.4649702886273417,0.6256393264615846,-0.5268400046297109,-1.7008457774832129
-0.982531263051644,-1.6779916753707225,-0.11002615124166949,-0.418644401212968,-0.4058577008799756
-0.7496264977024862,-1.0755838269208098,-1.8820689954083034,-0.9247742992971909,-0.7397879734306507
-1.042537241464576,-1.7950932959981363,-1.1515900226186764,-0.32485005446138,-2.2093864913011347
-0.19424368117826799,0.9086054471130645,0.06228100222561408,-0.22433213464203047,-0.5243729303288909
1.7566505998237147,-0.7220255152946908,0.713991184319518,0.522367798842137,-0.10927121983765578
-2.3601706531952495,0.15262500075042354,1.1646777292067114,0.3680652950344594,-0.9860877440978799
-2.088727264314281,-1.4546129245343893,-0.8309912425976957,0.2541237766011234,-2.409570145926213
-1.2003828954634161,0.7352396060446647,-0.6913520352349489,-0.6353597305901038,0.7904462719839722
2.4103028194044547,0.29234338809242566,0.6462777478586,0.7386401605231927,-0.3956141922008682
1.5178957505960866,-1.8335896008948336,-0.03776113768143562,0.08130663207984323,0.1977990799115744
0.9665283115989576,0.9281571102741838,1.2162596754185162,1.0438060705234111,1.7772757350825716
0.4715522256587897,0.5345893522491644,-0.9237268282866182,-0.04498984354874815,-0.562209079254814
0.12337608039636214,0.2633110880053649,0.673003281276719,0.2981086895881854,-1.0310411025499693
-0.9601834523194579,-0.7033137956089541,-0.21607649136660495,0.12818098715265186,0.6566805749612356
0.4763316572326344,-0.42997375272237487,-0.2972453835345537,0.06542117451426767,-0.6004722059045435
0.6484563757152113,0.69636626077326,1.0050955535256112,-0.1030789878732698,0.6850216592258034
0.609522571489066,0.036640850910805954,1.0418702990484452,0.22332013062634093,-0.4992027678432484
-0.08501146074798033,0.34657573196696273,0.8744121835366055,0.17189112607034468,0.6093834022277492
-0.9250438549345861,-0.8558771393679541,-0.8994911006298622,-0.3511212500995955,-1.127808739498017
0.16020588948374984,2.2197374522589604,0.9774568354732791,-0.14065896751865073,-0.8558229997958466
0.08986912940018216,0.6542956282813052,-0.7961414503501583,-0.0013517682463856367,0.3364906294840219
0.19554860878785194,1.0953428734924446,0.9015671062338594,0.1575070575398837,0.49404845383462775
-0.6174598607549863,0.07391391070454373,-0.3660642183513037,0.01589970791423624,-4.381858662825492
1.1150003882482735,0.09682293667927042,0.4994901344970218,0.49379680263073394,-0.46871273115125933
0.6833887478699119,-0.2839708913017252,0.09090811966570576,0.04913593499850689,-0.5017081545192765
-0.12058683712309759,0.8244857185930058,-0.8488368369392271,0.014794752452952338,1.1981912824561627
1.0272511946514207,-0.35498116919572187,-1.525647110045153,0.3980396366750662,1.038291680697584
0.5354544718247023,0.19102978636357293,0.7175788884883602,-0.7525379389854417,0.5735165159795661
-0.25724256641849264,-0.17780595190432083,-0.012375006972723193,0.3454988306360346,-0.11401291517460661
-0.850565580577636,-0.2036205202452885,-0.7025503690307825,-0.33474735503143016,-0.9721281901569718
1.3376747996263423,0.1741600771366031,-0.1735266226506382,-0.15284361919553666,-0.8798750484194061
0.052750898368021666,1.8400309235982815,-0.14891333967291304,-0.8277299386186991,1.2703933638260656
-1.0220400645856282,-0.47102197336382,-2.0175380799211076,-2.384343468049641,0.8443541261453549
0.9563706252979061,2.7907059768126734,-0.2551725637390117,-1.0765272063653737,0.3871967200158264
-0.3971762054844008,-1.3786242741222285,-1.8872331686154944,-0.8790863206287874,-1.8058566221221832
-0.1554732214623758,-2.3363532906995967,-0.7126280943653073,0.3300452469978904,-0.14358041273685374
0.6795831216403713,0.04423313858537611,-0.723268588162322,-0.68441737495524,-0.7211806235722154
-1.0287437544719495,0.16150838903927547,-0.09687321654413174,-0.13462497510213478,-0.6198604498815733
-2.045714214341828,1.0264126081827714,1.289385677893148,1.4150214180195944,-0.7133486607351177
0.699552258938946,-0.8366843154372378,0.28479065747390336,0.28151864280385663,1.0650964368416054
-0.9133627269022068,0.2610433387071914,1.1572063780047877,0.5974720151227334,-0.06353780277588279
1.8764370030161495,1.015340179475716,1.0005400059610479,1.1836674120228723,2.1425300000801184
1.5881191608826442,-0.03557102862069335,0.8818796105800054,-0.25932770477183154,0.7091576713922728
1.148552472610056,0.699491123648238,-0.01281681148509456,-0.4270850055442239,0.46562781607394726
1.5344175910588587,1.3094432415083466,-0.27902769599336996,0.20706777125356784,-0.5386570338565532
1.3404547106153033,-0.6601874527361931,-3.258140024774408,-1.4070192478307293,0.257086863148493
0.3113322270500477,0.10031604369629792,-0.4568024967397362,-0.4969047815471201,-1.90653727911489
0.14738503228679242,-0.19744519356329415,1.2795637021484638,0.6092137071922084,0.12830055424881276
-0.21303820144283758,-0.9530049439895883,-1.0939439363250134,-0.12266627384026169,-0.9475273206857637
0.5413379497347285,-1.9322234032017056,-0.757263436875672,0.20969317644614696,1.9109685266769514
-0.5420139788066456,0.36162992869006344,-1.1775136398371782,-0.39031670630718,-1.3348163108446653
0.18155371520422092,0.5238152214588794,-1.47381748438858,0.8692894988237236,0.23728199502397307
0.5429998774710667,-0.6425137574490192,1.2722503721804959,-0.3028322419134405,0.4542042772140786
-0.6430172686470457,-1.0004164386857568,0.011780223570092051,-0.0779711373712529,-0.008676876361622484
-0.5153575256488252,1.0477080455394956,-1.7708934218295445,-0.06484555922225049,1.7123057691953956
1.8345040953799647,-0.21910358809467104,0.3605588190423312,-0.23830110757673886,0.5931424537193138
-2.2648834016684507,-0.325541762854401,-1.7755880383347928,-0.9979899612152812,-1.0651307975702355
-0.116566604697686,0.1295684840376255,0.11155423734532201,-1.1286486848996278,-0.009322312954385202
0.9161024325460864,1.117858417752997,1.3966932131781034,1.1652871253134736,0.20419100629912704
0.31446858079894924,-1.0189662336335283,1.7365959823947144,1.2696787581703202,1.5475195530932753
0.478442274181487,-0.8138575988408264,-0.762713364884899,0.6956649078189711,0.6601775599656158
0.312435517498347,1.179502833716417,0.5792984486536575,-0.32939023625121605,-0.062012071909843175
0.016360258796030036,-0.9310585987129459,-0.34729454309527175,0.05068088490231596,0.4268269325644409
0.7379516500348127,-0.9170734894049346,-0.23218641724297256,-0.042130873162588275,0.39923347866304243
0.5700350635660698,1.652326621410958,1.8472394051721504,2.0166928582050696,0.2195632567845284
2.1668402489315564,1.734152939137048,-0.9047996190228128,4.183707868745752,0.5000106199748465
0.33002522384227595,0.28678340344143083,-0.6326021300783854,-0.09605043799152614,1.176293825796611
-1.2545481004009826,-0.5206329490196808,-0.9147599253281335,0.15185788465387587,-0.36314646815726725
0.7158606566855528,-1.2646028818673116,-0.6105386335786278,-0.337493146488613,-0.4172313191999213
1.212691244037075,0.6110765365682886,-1.3140272441661132,0.03635684260071619,-0.6014440943272362
-0.23600171856438018,-0.11610729559743947,-0.8083505238811547,0.3740991011165879,0.7584415840850024
0.6411410383508884,1.4129591779713986,0.7852173134843438,0.11458323001085857,1.2772328858132818
-0.23571864104486664,-1.738587236113933,0.4491927871363318,-0.48262130407009823,0.16201134901219358
-0.6470513329533084,-0.41795708889625355,-0.7723472390367568,0.03527220716753568,0.13708468766678572
0.07825888231567786,1.0430377231788617,1.763008884718279,3.3436665781119483,1.1521771913814454
-0.6215886977990205,0.001548959304256913,-0.5415214482658739,0.69375652354449,1.1289094655264276
0.9061149862663177,0.5424076763202447,-1.3808732852431327,-0.4338692692232009,-1.5989311332368181
1.6460471060810689,0.9298757096349833,-0.40102663040570974,-0.24901871654172908,-0.18555432190987942
0.38559217330871987,0.4609918387221108,-0.4355129617857675,-0.4906924333177586,-1.8749739645113326
0.04500167755441094,0.4631159051857412,-0.2828646249919339,0.09610220432733342,0.5683552380939304
-0.7012157499051995,0.21282204689072978,1.0129219822251443,0.7440979288131743,-1.0544570570971257
-0.20476820043322,-0.6535753021889074,0.46722379094689903,-0.3545733237050518,-0.4238014857719621
-0.5842596747194244,-0.3407231310815974,1.1916118878211581,-0.49275529564318526,-1.8270082305105368
2.4801061920086744,-0.3049509038027879,1.2175349061477008,-0.5211527489999741,1.8427755311712868
-0.20058482184309662,-2.1376807719548387,0.6031220658985335,0.9971650490084221,-1.041807642855568
-0.7882814056028002,0.10018931165400705,-1.4765326959954952,0.26285847933045753,3.002652106687847
-0.17222782922208174,-0.3602066779104449,-1.7725126196038459,-0.48227326363222073,0.20390645696249113
-0.7052015305641874,-1.0001393460946397,-0.014280383742032318,-0.32976151230140177,-1.328239983761169
1.0553159727987724,0.5537485156041104,0.7928739572613004,0.29311828354264086,-1.2051402496997232
1.2901449993551273,0.5137578529418284,-0.32782701095371614,0.9949475340402812,-0.6677268970412977
0.013900781467052023,-0.453611941099032,-0.7355892553108536,0.27457990437770946,-0.5481711005739629
0.29177136682598387,0.9795196660359584,0.20097194769381604,0.8090758563653995,0.14329894027229073
-0.23351389706933431,-0.12371432724484764,0.47599093013508287,1.019196718291612,1.516516358628829
-0.2034352685272398,-0.4193941554567587,2.6882283950535575,-0.036274047920388255,-0.28801469250986017
-0.17302937151099676,-0.980701107840758,1.5990909775943212,0.055187942220617216,-0.7232861259907394
-0.5819193491942206,-0.7487422746453768,-7.95545092029902,-1.2548280454978924,-0.29407163927785096
0.1403122613162791,2.58246485579473,-2.306165345623842,0.2393984132955371,-0.21863191253902312
0.17177543671509143,1.113080564980182,1.0405795478930189,0.844851071801839,1.9852772400424346
0.45437677783501684,-0.8591252471510199,1.4566515079514348,0.6944212555417476,-0.13709357551794962
-0.1430232340427142,1.1997565659806386,0.17822176986649133,-0.25046060439581536,0.18825955644997303
0.48551751908609164,-2.165121067967455,0.6301089845801935,-0.05126279264935855,-0.4661328244286738
0.7327296044810971,0.2168350655940455,0.6446093035162536,0.8303138969943048,-0.266660368061032
-0.14208814607261708,0.05444223067718363,0.4714575407393959,-0.05198215504649604,-0.11462983404654598
-0.23653003762350844,-0.27955470009777933,-0.3631254586158085,-0.6674195321587302,-0.03794068373482764
-0.2690222069582218,0.33877340419771323,-0.175595550549308,-0.11519270905056067,0.3228590022900464
0.14017205086797685,-2.3522636480889245,-0.683448967903861,-0.6887437011414073,-0.8699014229983958
-0.9692631286748912,-0.7105427367810536,0.006964627056422148,0.44929233130625706,-1.2565361531062427
-0.4976486274783449,-0.5717533048769554,-0.28922704168843383,-0.2204475358078362,-0.6292537125189855
0.11096733095694054,1.0831475212539514,0.040976692772619026,-0.6492397633773943,0.15084902928905233
-0.890234581312229,-0.7023132121047453,0.024646640412590713,1.059156592291015,0.8760383901227271
0.3393129589803013,0.26349887986136267,0.2530780609202266,0.844850610025152,0.17496948939706491
-0.2449782205038864,-0.33948419974023625,-0.5127204784008864,-0.7364143023000425,-0.9557407519366105
1.6284667069470637,1.319172048662295,-0.21288132296436693,-0.03750745105617527,1.6251185256954832
0.07813729755208353,-0.16805251147182354,-1.3272994936860034,0.7115983818242775,-0.94166827931612
1.722825792967702,0.8894566343752858,-0.14597213836029152,1.125789396635313,0.494790509302378
1.3480191731152955,0.7132328131867838,0.10644317032550925,0.5576652026472667,-0.2524804383565635
-0.7595924896542369,-0.9470093043350392,-0.8406696131920318,-0.49236292512794244,-0.9589425929019847
0.04449005115303895,-0.7251213059844908,0.21379016765148903,-0.5790185962588245,-0.09368930791602406
-1.1765881430926202,-0.6370076247088788,-1.0471765672685855,-0.46777857867007844,-0.4797240004223792
-0.6505670342344336,1.2418714030572182,-0.4642605164953997,-0.7643437505083751,-1.2431499469694107
2.6450000145259565,0.28488297213949176,0.7284218834419623,0.07492104907127736,0.7185671718542039
-0.6944329763502507,0.6131947558024687,0.008840784485725776,-0.6241214498973761,0.4065007900077851
-0.8877596644054899,-0.0017204501706947423,0.20987128604291955,0.8723034905753471,-0.3470023290758386
-0.23670488254195945,-1.0429907608657984,-0.7451210927474949,0.5717753801436121,-0.2368975130762169
1.2292773759978801,0.5482277435554739,-0.4344253882027556,0.6412624666825236,0.5520295380041615
0.5070084255629262,3.1450452885846536,-0.7100226501724795,0.015571414312643026,0.46458587130646317
0.07473796156670946,1.0160353127191668,0.5198353148061636,-0.09087854919804891,-0.18043337286159908
-0.11029234908126813,0.88697790455176,-0.38448075300550577,-0.28090557473701,-0.38078068744555693
1.5460808401391968,1.1726769561595918,0.8087342493159073,3.952078554624321,1.7056857650206123
1.69621267433982,0.08976569446360594,1.687182789025674,-0.2863020130230336,-0.28950166634505076
-0.13667179662958617,0.9753051287570554,1.5097334627203005,-0.13827703389706825,1.3371262842934972
-1.4911907312288826,-0.4812029168213218,-0.7061926558761352,-0.8637526703144801,-0.34040393170538424
-0.01770418218589089,1.2252505385318075,0.009654119355690232,0.7760368125575151,0.5059709213262046
-0.04810719917471424,-0.4628955658061927,0.24875354992635113,-0.2033939553543909,1.7626079122847873
0.13417739563931935,1.086942718387465,0.8058681730577355,-0.1426154946047388,0.3278508240884693
0.5583126265946671,0.05515392029036002,-0.6212881267386327,-0.10131840559565393,0.37932279761188487
-0.7777339378168171,2.437045822400636,-0.6605792817372153,-0.6300474918238104,-0.9129494376856812
0.043257814783144825,-0.6065217071037743,0.287644697315158,-0.8968736560621818,-1.4143095548328777
-0.9094996167074555,1.824804108991761,4.313080318432863,0.114266957841463,1.009768511300544
-1.9874072812495327,-1.7520510522990047,-0.3988704023881941,-2.034430619525555,-0.7396183349111688
0.672653824685225,1.5497982812858349,-0.549385705129862,0.9302227652080087,-1.271528933534106
-1.5969290639132563,2.198258970706259,0.19158076678828617,0.6041700348547941,1.0260141228568378
-0.8489333977928892,2.52148452651493,0.9518567368236946,0.3633160958344892,1.009197649737497
0.14273075631953996,-0.013540612226013245,-1.1684661856946845,-0.10541290404640033,-0.3086148114831599
1.7012573580002428,-1.4484601691142331,0.6721885562073155,0.3723455609572729,1.6343089323566111
0.6407147540888629,0.5847041822140383,0.009105946490382088,-0.31828154738507464,-0.30258034062094546
-0.39407975567118037,0.3493861902285403,-0.03329177965634491,-0.25979529649174277,-0.09358866575952064
0.952348775200089,0.5239114910946501,0.5711170612018223,0.3325485153122328,0.43345629787092593
0.23094932283326983,-0.7341441396797124,0.7246387004185589,-0.5500381480540255,1.082557069740915
-1.3660897813840194,0.04473751111450553,-0.9117621438131549,-0.02134408502504071,-0.8496205581018426
-1.7712698263302022,-2.892508203736582,-0.03468460753158809,-0.9542061424440815,0.06375765571626427
0.04632529609957879,-0.5384104227379846,0.03257805956443116,0.49082443231938555,-0.015157378291357108
-1.3460989476435674,0.7049273634314311,-0.8971875187707552,0.362216731328579,-1.7833257172029027
1.3738781191230574,0.19359903522069327,0.4096400836932866,-0.044562058952544746,0.14723388694170234
1.8248467756916527,-1.1558630210268666,-0.5632252743665548,0.015209434083415822,-1.1035328599599066
0.13886694425008553,-0.14006266817393337,-0.5758661129442789,-1.013343100259526,-0.9816920167154272
-0.9007396318226966,1.350346400338994,-0.08886299568150637,0.3617700708530409,-0.40490372493621213
-0.9101704877353012,1.2627848962774562,-0.4468270215733504,-0.2934159258069211,-0.041727190664608844
0.27007449502834174,-0.636950609858861,-0.30024897708826676,-1.8606087502431228,0.21176020733138956
-1.3072103027268702,-1.5264025151629321,-0.7590987491526908,0.1898396011331113,-1.4115971125253626
-0.01795089338901735,-1.0106690165544876,1.660405517034707,0.2865120778267674,1.0135144172098272
-0.11556571013610553,-1.3590657126376366,0.3433499997984008,-0.2649007135295628,-0.6393576359305688
1.3409767454934254,-0.19854456410014107,0.16637387803230577,0.8071415394542226,0.300841711413922
-0.8888662362940597,-0.8207238472338872,-1.5564705418831966,-0.20400318616408847,-0.47272707576658085
1.4299262678292368,1.1099947263726595,1.7018817761894383,1.0331456405349435,0.9326012810733625
1.1859595758997683,0.36233975377982747,-0.03922403556602149,-0.02910518468457955,-0.7875262318473877
-0.49133131864795293,1.0762189266283113,-0.29535214290424755,-0.31086059207485006,-0.6807519243491346
-0.49453434420886155,0.048441001394825094,-0.5631349907942558,-0.909748582985899,-0.2767706628421754
0.33212252470165315,-0.7950816468763501,2.537526164482738,0.5115275257984345,0.5433118844713698
-0.4327935046785156,0.9613003662427194,-0.08442343407915526,0.5283713970381806,-0.27739159666194213
0.9057989642046027,-0.1348682831199658,0.10723225986293583,0.08123859303862749,1.0096577946906775
-0.974732283514102,-1.1322783577184725,-0.7300153536497898,-0.25791758922196484,-0.3923711166058216
-0.888258139666179,0.2785270911679678,-0.3407671360513609,-0.0583903444401771,-0.5428120733889226
0.014248657163153034,0.10307515543245183,1.0770091541043192,-0.5373454223405637,0.251861989238182
-1.457250182012444,-1.7585625923995643,1.0099143335031837,0.7558836815919122,-1.2362696211973823
-0.24897444018271145,-0.5912843785073987,0.43163439061789094,-0.5283665911502758,-1.0420932785293548
-0.882134942081857,-3.5085200164475183,0.6584160795468531,-0.6864030365539118,-1.1811054314837313
-1.4662510064414602,1.1689753194440333,-0.26441716378637253,-1.5505437213418867,0.23483894317114212
0.6911507544695412,1.5029521108168806,-0.4491607436917013,0.31167305638493287,1.2448990602212646
-1.8211706923856077,-1.7290157343139596,-1.726541460448887,-1.4957970797934166,0.04746380202044726
3.511163545539967,2.2503810517398852,1.2691881324127043,2.1590215813720266,2.0542399945023813
-1.2294495944113695,0.08153754086152744,-0.06444325429422154,-0.3502893454726289,-0.394908612047602
-0.34815140140207207,0.4876835101603038,-0.4781684622350689,0.30254667203846386,0.4558892731719049
-1.353278438027095,-0.7716929651790688,-0.303427361293078,-1.0619025257563608,-0.3083001687971901
0.11641594972157024,-1.000019889789136,0.03845016362419565,0.5777279932247572,0.5159238027239759
-3.235327005271952,-2.652756499751088,-0.6144373051276113,-0.3490203993790235,-0.9917467479593913
1.6884867650597915,0.9847467727650404,1.3261020935249088,0.39651792427067,0.9340529640744535
-0.2542620955465039,0.6532376115476255,0.6528873776132552,0.3303101954369073,0.04438847649101912
-0.2893095541699985,-1.3186063583246665,0.2531094388235241,0.5110077619938227,0.7777623706528761
1.802477852659601,0.6830996609754376,0.9022010004060329,0.7090576943814427,1.003831553665101
-0.284484854310336,0.5208407327782714,0.06600965748902445,0.0109535420390008,0.3880996655221021
0.5822901224866905,-0.26365259383434964,-0.6447811071260346,-0.6544015472297536,0.6154436234978669
0.5460674636503068,0.3688889710493064,1.0045416582840887,-0.2720542918911977,0.8372577621246212
-0.38283062882454394,-0.8924043855305852,-0.8400895135163883,-0.49113436918608894,-0.4134197755577772
-0.9552375123363293,0.3182770681481811,0.5141434089855409,-0.5106225558793834,0.24024616208761593
0.25111053069719963,-2.8380560166016178,-0.04345484240510807,-0.3744655995740237,0.15466252007501097
0.8189951368021663,-1.232571692866075,0.6655362992478424,-0.31069169317825357,0.7500071652884359
0.21524985282872144,-0.42672049201169354,1.0590395948440459,1.3234705804845601,0.5465287436784854
0.6791456163679307,0.492296526975595,-0.07103638591003414,0.13536125522743792,0.9880041907732069
0.7074476123122134,-0.2867682984806841,0.692263830675889,0.3944195635446529,0.5898719716874127
1.4173074440243891,1.2412793075558157,0.8031186961674569,0.6711618918552467,0.1748650248612405
-0.37441949857484075,-0.9541090084168772,-0.3821173328389427,0.3283630743591864,0.8858679661028431
-0.9331426739068247,0.7540898426801643,0.5271925189592752,0.11233669466925267,0.36203615392515215
0.34282305401559754,0.2595705722396144,0.24283029579789714,-0.012273446534588284,1.1937076324475582
-0.05084657414442628,0.6506071635378573,-0.4802385223533973,-0.3021310480000333,0.06108800886918291
0.47349347968952465,0.5399867397841798,0.6875366829283501,-0.25697043836856875,0.9369017739648751
0.24338847905505773,0.5867300009722932,-1.6146201695297175,-0.24772475897587262,0.006975955980792597
-1.4681740761271864,-0.7438077452884911,-1.3067477495424549,-0.601516348862536,-1.193331010267507
0.4452930594416982,1.0220629786014688,0.7978165446004623,-0.1947299984776996,0.8353002000270385
-0.48227652928312187,0.12900389308649177,0.1003659706195915,0.6190103253931581,0.7469667191723003
-0.41845495746742906,-0.2616467853391312,-0.6941054358013505,-0.5399646757480044,-0.733962292426098
-0.8252893890899088,0.46221005924831887,0.16240169861717008,-0.16629923994707277,-0.47344893900286156
0.6889387592014197,-0.24575293618000654,-0.136769214707232,0.6565629010994507,-0.8838014974553101
0.3838599145972145,-0.9474204197634427,-0.937311873930124,1.0474691417259985,0.6036000312403171
0.4493506359076102,2.009204495876393,-0.356623948876444,0.4481468571334405,1.5572502039540603
-0.11845322076073475,-0.13453488026471766,0.48185689397273396,-0.15180639883390298,-1.9663661790300915
0.7811460308732565,0.014617282299241178,0.6703285519371504,-0.22770807671013005,0.007760533711663211
-0.4175857252864077,0.050501052618197415,1.5639727119119244,-1.6999869211306815,-0.8562046410366044
-2.0438362713286153,0.7722016928899675,0.13373908213692914,-0.5006099991452985,0.6036626238556492
-0.906831528849475,0.9714950801360153,0.5272609715721622,0.06937249394199343,0.4384789499417144
-0.2935897901093387,0.8419259417183249,0.5583812557945088,0.36760641884862033,-0.04625192003443407
-0.398857408030201,-0.11847039863788543,-0.04639170606222099,-0.28300879526419886,-0.6429693485665307
0.4663063418998315,-1.7096108917790667,-0.4474701673894658,0.023422725429931537,0.7135561646358488
-0.15681840651010598,0.12160410438661286,0.5731875149695128,0.29572503803612243,-0.2362422706569295
-1.4868570955100258,-0.869126438426356,0.35633428728237027,-1.367466828724664,-0.977922770110764
-0.8316231422586053,-1.1599008488418314,-1.1815830906920608,-1.1570252414138635,-1.9175425949339013
-1.487151707999338,1.3577087303460442,-1.375835554403881,-0.23521167754191957,-0.722413208936843
0.8074504558941885,-0.32695802441883187,-0.5506324431569759,0.1564253722612793,1.274063592520404
-1.5697564386333591,-0.8839636027094354,-0.1758647689072299,-0.1725860080256364,-0.2690779394767255
-0.931104974158795,-1.3077899571802436,-0.824263423105109,-0.587662794368997,-0.6927338343634167
-0.34937206509987256,0.9889369507551927,-1.5556343039861062,0.3506967113951747,0.48861471102701304
-0.20311862580571136,2.1923554337665965,-0.1467451977039064,-0.056361838858832274,1.2643811000126841
-0.9488676175513964,-1.2648963440893133,-0.903100525895665,-0.6148280567778052,-0.5451520441709142
-1.2996399211232805,0.4078170864686928,-0.05140151087681936,-0.594326451423907,0.12016750833230955
2.0442406805817055,-0.20984899547277938,1.3038897218987247,0.7262819637449961,1.9344566590922694
0.644425061205678,0.6098578162932358,-0.05031891468042221,1.0298925692606986,1.0754907731292778
0.8226199632934071,-0.16709847744658096,-0.14922311521892165,-0.8782174556387571,0.08588731381764567
1.0680702930885582,-0.23173830304314524,0.5435025733136367,0.7082020400118815,-0.47272184482932017
2.1878163732247184,-1.550593764389085,1.2333939776752763,0.7414772806627123,0.7256757351990589
0.15653839973252004,-0.611199909567581,-0.0823134884982123,-0.04927769637039573,1.0595943652909456
-1.1807455096615191,-0.08556798674854253,-1.0376238813491765,-0.8748499754349683,-0.23009105916523878
-1.0519607359565823,0.7389954438876648,0.4412541008638665,-0.753329808057424,1.2045378329538623
0.2322329882015213,0.20959901642851342,-1.0471310233780866,0.965033876065996,-3.401237285577071
-0.9904008013422706,-1.5480719566233494,-1.5581667943084188,-0.5179611551798181,-1.125064727179911
0.9539592799852473,2.0078981129209024,-0.2823126966413892,0.662341651132384,-0.7917806918037167
-0.701976771981855,0.4632378620666225,-0.25275766116374615,-0.35699754174133197,-0.6653692974886344
0.8449882402885166,-0.4914474939849583,-0.595911086840925,0.08740446321082013,0.9512013205106746
-0.19780150512392167,-0.07349118261609798,1.575261873927098,0.10326904119600805,0.40807886855361974
0.4120351665676591,0.4342349840719262,0.24335725586934107,0.5772232031390977,0.697596748117934
-1.1364815680247147,-1.7024379762828268,-0.8815083526154074,-0.2550562368397818,-0.5771073434230601
-0.12744542911533752,0.5372383254270318,0.4798649385149964,-0.730891477294877,-0.12617867583388107
-0.20064160062299816,0.6668656127204602,1.0112804398984396,0.532755612615711,1.15220964652566
0.7450009681699178,-1.1247926117264302,-0.018322214414052834,0.5515940958741016,0.3761884436743209
-0.5638787720478085,-0.7022392847357247,-1.089880243842085,-0.022859980048892198,-1.728483097412502
-0.5310499503638776,-0.6477323841422293,-1.163341270415796,-1.5424633293465508,-0.6930963152359317
