Date,DIS,XOM,PFE,MO,INTC
2002-01-07,17.88426971435547,18.122180938720703,14.545967102050781,2.6272623538970947,20.113046646118164
2002-01-08,17.530433654785156,18.145042419433594,14.505661964416504,2.667309522628784,20.289838790893555
2002-01-09,16.768909454345703,17.934778213500977,14.674213409423828,2.6481335163116455,20.164371490478516
2002-01-10,17.145824432373047,18.003341674804688,15.025949478149414,2.6616687774658203,19.759492874145508
2002-01-11,16.82275390625,17.5965633392334,14.875722885131836,2.687614917755127,19.70246124267578
2002-01-14,16.43814468383789,17.660552978515625,14.846418380737305,2.7220208644866943,19.867841720581055
2002-01-15,16.52275848388672,17.96221351623535,14.806112289428711,2.7637598514556885,19.776601791381836
2002-01-16,15.768928527832031,17.5965633392334,14.740161895751953,2.7214572429656982,19.223438262939453
2002-01-17,16.338151931762695,17.660552978515625,14.70351791381836,2.7637598514556885,19.69105339050293
2002-01-18,16.30738067626953,17.550867080688477,14.69252872467041,2.7530417442321777,19.092275619506836
2002-01-22,16.238147735595703,17.377182006835938,14.949009895324707,2.7423255443573,18.077226638793945
2002-01-23,16.468910217285156,17.779382705688477,15.315399169921875,2.8032422065734863,18.50492286682129
2002-01-24,16.30738067626953,17.733692169189453,15.205485343933105,2.783500909805298,18.932607650756836
2002-01-25,16.753524780273438,17.89822769165039,15.278766632080078,2.7975997924804688,19.206340789794922
2002-01-28,17.03044319152832,17.80681037902832,15.231124877929688,2.8145217895507812,19.34320068359375
2002-01-29,16.730449676513672,17.345182418823242,15.014951705932617,2.808318853378296,18.636072158813477
2002-01-30,16.461219787597656,17.683408737182617,15.113883018493652,2.795910120010376,19.308990478515625
2002-01-31,16.199689865112305,17.847949981689453,15.267765998840332,2.8263673782348633,19.981895446777344
2002-02-01,17.26889991760254,17.825092315673828,15.443638801574707,2.804934024810791,19.770891189575195
2002-02-04,16.676599502563477,17.528013229370117,15.077241897583008,2.7818078994750977,19.377422332763672
2002-02-05,16.768909454345703,17.518875122070312,15.385013580322266,2.7857556343078613,19.286117553710938
2002-02-06,16.476608276367188,17.788524627685547,15.128545761108398,2.8173422813415527,18.783992767333984
2002-02-07,17.34581756591797,17.609224319458008,14.677872657775879,2.7970376014709473,18.435935974121094
2002-02-08,18.015031814575195,17.60462760925293,14.912360191345215,2.8241119384765625,18.55575180053711
2002-02-11,18.4227237701416,17.701171875,14.989306449890137,2.8336997032165527,19.15488624572754
2002-02-12,17.99965476989746,17.655202865600586,15.088232040405273,2.82918643951416,18.812528610229492
2002-02-13,18.361183166503906,17.765544891357422,15.102943420410156,2.8568241596221924,19.046464920043945
2002-02-14,18.645793914794922,17.93105697631836,14.99635124206543,2.8765652179718018,19.023645401000977
2002-02-15,18.384260177612305,17.88507080078125,15.110289573669434,2.901947259902954,18.42452049255371
2002-02-19,17.584278106689453,17.825315475463867,14.878730773925781,2.904768466949463,17.882457733154297
2002-02-20,18.715024948120117,17.92645263671875,15.051482200622559,2.9312775135040283,17.939512252807617
2002-02-21,18.253498077392578,18.000030517578125,14.922833442687988,2.928457021713257,16.821142196655273
2002-02-22,18.20734214782715,18.721866607666016,15.110289573669434,2.9673759937286377,16.84967803955078
2002-02-25,18.630414962768555,18.850605010986328,15.003705024719238,3.0344951152801514,17.69986343383789
2002-02-26,18.376569747924805,18.721866607666016,15.077201843261719,3.0350594520568848,17.129270553588867
2002-02-27,18.653488159179688,18.813823699951172,15.161747932434082,2.948760747909546,17.055095672607422
2002-02-28,17.69196319580078,18.988540649414062,15.055152893066406,2.9701950550079346,16.290494918823242
2002-03-01,18.453487396240234,19.31037712097168,15.305102348327637,3.0328028202056885,17.677043914794922
2002-03-04,18.12273406982422,19.60921859741211,15.396982192993164,2.996141195297241,18.173463821411133
2002-03-05,18.49195098876953,19.54026222229004,14.922833442687988,2.9893722534179688,18.658458709716797
2002-03-06,18.576560974121094,19.86669158935547,14.900784492492676,3.0079843997955322,18.80681610107422
2002-03-07,18.27657127380371,19.71957015991211,14.69494915008545,3.042391538619995,18.8182315826416
2002-03-08,18.268878936767578,19.728759765625,14.705968856811523,3.0034737586975098,19.497243881225586
2002-03-11,18.399648666381836,19.99544334411621,14.720685958862305,2.965683937072754,19.069286346435547
2002-03-12,18.238109588623047,20.22991943359375,14.647161483764648,2.9786553382873535,18.823928833007812
2002-03-13,18.05350112915039,19.825307846069336,14.720685958862305,2.984929323196411,17.882457733154297
2002-03-14,18.07657814025879,19.88048553466797,14.68392276763916,2.9609766006469727,17.671335220336914
2002-03-15,18.707332611083984,20.05060386657715,15.205851554870605,2.9820778369903564,18.110692977905273
2002-03-18,18.853483200073242,20.110368728637695,14.9448881149292,2.945578098297119,18.04222297668457
2002-03-19,18.69194984436035,20.137962341308594,14.970613479614258,2.9604063034057617,18.099287033081055
2002-03-20,18.461181640625,20.01382064819336,14.73169994354248,2.9672482013702393,17.42027473449707
2002-03-21,18.176572799682617,20.01382064819336,14.757434844970703,3.0402469635009766,17.916690826416016
2002-03-22,18.038114547729492,19.986238479614258,14.889750480651855,3.050513505935669,17.454511642456055
2002-03-25,17.84581184387207,19.701171875,14.775806427001953,2.963256597518921,17.11785888671875
2002-03-26,17.584278106689453,20.110368728637695,14.680241584777832,3.0356838703155518,17.557218551635742
2002-03-27,17.607351303100586,20.206918716430664,14.672896385192871,3.0562167167663574,17.351802825927734
2002-03-28,17.753501892089844,20.15175437927246,14.60673999786377,3.0037481784820557,17.351802825927734
2002-04-01,17.615047454833984,20.15175437927246,14.742732048034668,3.0339746475219727,17.785451889038086
2002-04-02,17.507352828979492,20.404626846313477,14.669219970703125,3.0259897708892822,17.13497543334961
2002-04-03,17.261207580566406,20.087373733520508,14.702290534973145,3.0396769046783447,17.043682098388672
2002-04-04,17.353513717651367,19.8391056060791,14.334742546081543,3.0334038734436035,17.454511642456055
2002-04-05,17.8765811920166,19.600025177001953,13.967190742492676,3.003178358078003,17.146390914916992
2002-04-08,17.78427505493164,19.88048553466797,14.139937400817871,2.9843575954437256,17.07792091369629
2002-04-09,17.745807647705078,19.64140510559082,14.224474906921387,2.984929323196411,16.239139556884766
2002-04-10,18.499645233154297,19.852907180786133,14.459714889526367,3.0550754070281982,16.695615768432617
2002-04-11,18.05350112915039,19.494274139404297,14.297980308532715,3.078458309173584,16.513025283813477
2002-04-12,18.461181640625,18.988540649414062,14.441335678100586,3.025419235229492,16.19920539855957
2002-04-15,18.18427085876465,19.126466751098633,14.334742546081543,3.0140140056610107,16.039438247680664
2002-04-16,18.384260177612305,19.439111709594727,14.665546417236328,3.0430970191955566,16.83827018737793
2002-04-17,18.545795440673828,19.411518096923828,13.912050247192383,3.0265588760375977,17.4830379486084
2002-04-18,18.76887321472168,19.521865844726562,14.048047065734863,3.07161283493042,17.374631881713867
2002-04-19,19.19193458557129,19.54944610595703,13.893671989440918,3.076176166534424,17.1749210357666
2002-04-22,18.87656021118164,19.241405487060547,13.640061378479004,3.0778868198394775,17.15209197998047
2002-04-23,18.845792770385742,19.011524200439453,13.48935317993164,3.1337740421295166,16.85539436340332
2002-04-24,18.861173629760742,18.528757095336914,13.412174224853516,3.1240806579589844,16.495912551879883
2002-04-25,19.23040008544922,18.639102935791016,13.8091402053833,3.1286427974700928,16.598617553710938
2002-04-26,18.538101196289062,18.39083480834961,13.511408805847168,3.12750244140625,16.045143127441406
2002-04-29,17.707353591918945,18.25290870666504,13.331307411193848,3.1423304080963135,15.999497413635254
2002-04-30,17.830421447753906,18.468984603881836,13.360716819763184,3.1041202545166016,16.324729919433594
2002-05-01,18.591949462890625,18.70807456970215,13.768705368041992,3.1582987308502197,16.336135864257812
2002-05-02,18.4842586517334,18.758649826049805,13.735621452331543,3.193086862564087,15.902493476867676
2002-05-03,18.15349769592285,18.662099838256836,13.507736206054688,3.175407648086548,15.1658935546875
2002-05-06,17.607351303100586,18.046005249023438,13.434223175048828,3.1942286491394043,14.720513343811035
2002-05-07,17.607351303100586,17.977041244506836,13.140183448791504,3.171985626220703,14.931777954101562
2002-05-08,18.330408096313477,18.395431518554688,13.662110328674316,3.1400508880615234,16.5477294921875
2002-05-09,18.115039825439453,18.201200485229492,13.415847778320312,3.152026414871216,16.12518310546875
2002-05-10,17.807350158691406,18.016239166259766,13.3129301071167,3.1309244632720947,15.422843933105469
2002-05-13,18.038114547729492,18.501789093017578,13.58859920501709,3.1788299083709717,16.285066604614258
2002-05-14,18.76887321472168,18.765371322631836,13.735621452331543,3.1314949989318848,17.215801239013672
2002-05-15,18.845792770385742,18.363069534301758,13.45899486541748,3.0562167167663574,17.267194747924805
2002-05-16,18.86886978149414,18.622018814086914,13.211874961853027,3.1046900749206543,17.56982421875
2002-05-17,19.115015029907227,18.58964729309082,13.680302619934082,3.1046900749206543,17.81536102294922
2002-05-20,18.791948318481445,18.307567596435547,13.436864852905273,3.098987579345703,17.2386474609375
2002-05-21,18.33811378479004,18.390810012817383,13.241376876831055,3.121229887008667,16.59911346435547
2002-05-22,18.038114547729492,18.696008682250977,13.241376876831055,3.1406197547912598,16.896041870117188
2002-05-23,18.330408096313477,18.913354873657227,13.352027893066406,3.1622910499572754,16.781841278076172
2002-05-24,18.12273406982422,18.60352325439453,13.090154647827148,3.1429014205932617,16.365005493164062
2002-05-28,18.107345581054688,18.423181533813477,12.831961631774902,3.1423304080963135,16.187997817993164
2002-05-29,17.730432510375977,18.635889053344727,12.942617416381836,3.1942286491394043,15.571304321289062
2002-05-30,17.868886947631836,18.196584701538086,12.787701606750488,3.2267346382141113,15.656957626342773
2002-05-31,17.622737884521484,18.46479034423828,12.761885643005371,3.2649428844451904,15.771164894104004
2002-06-03,17.30735969543457,18.071727752685547,12.330342292785645,3.2506866455078125,15.200151443481445
2002-06-04,17.10736083984375,18.14109230041504,12.754508972167969,3.2917492389678955,15.702642440795898
2002-06-05,17.015060424804688,18.2936954498291,12.931548118591309,3.27121639251709,16.090927124023438
2002-06-06,16.691984176635742,18.104106903076172,12.507390022277832,3.2050623893737793,15.41713809967041
2002-06-07,16.65352439880371,18.228961944580078,12.72500228881836,3.189664840698242,12.56210994720459
2002-06-10,16.907367706298828,18.0948543548584,13.038512229919434,3.1822509765625,12.031078338623047
2002-06-11,16.599679946899414,18.04861068725586,12.584844589233398,3.210196018218994,11.545721054077148
2002-06-12,16.268918991088867,18.358436584472656,12.91679573059082,3.2033531665802,12.322287559509277
2002-06-13,16.184303283691406,18.201200485229492,13.03482723236084,3.181680679321289,12.053915977478027
2002-06-14,16.176612854003906,18.104106903076172,13.03482723236084,3.1446118354797363,12.150989532470703
2002-06-17,16.56121826171875,18.511035919189453,13.296699523925781,3.1332054138183594,12.88187313079834
2002-06-18,16.884288787841797,18.46479034423828,13.355722427368164,3.1332054138183594,12.573532104492188
2002-06-19,16.045846939086914,18.20583152770996,13.186052322387695,3.1332054138183594,11.471492767333984
2002-06-20,15.045863151550293,18.376941680908203,13.307771682739258,3.125221014022827,10.98613452911377
2002-06-21,14.80741024017334,18.150341033935547,12.551647186279297,3.0026066303253174,10.694926261901855
2002-06-24,14.615106582641602,18.497167587280273,12.640168190002441,2.7830426692962646,11.037531852722168
2002-06-25,14.792024612426758,18.312192916870117,12.385669708251953,2.6547253131866455,10.460816383361816
2002-06-26,14.630486488342285,18.242822647094727,12.909424781799316,2.5987112522125244,10.6264066696167
2002-06-27,14.653566360473633,18.612781524658203,13.554891586303711,2.4757044315338135,10.649240493774414
2002-06-28,14.538178443908691,18.922605514526367,12.909424781799316,2.5224807262420654,10.432263374328613
2002-07-01,14.122808456420898,18.797748565673828,12.503697395324707,2.5964016914367676,10.015433311462402
2002-07-02,14.230496406555176,18.571155548095703,12.097967147827148,2.639134645462036,9.461549758911133
2002-07-03,14.576642036437988,18.45555305480957,11.987317085266113,2.6143035888671875,10.13533878326416
2002-07-05,15.222780227661133,18.737632751464844,12.684426307678223,2.6685874462127686,11.157439231872559
2002-07-08,14.615106582641602,18.66363525390625,12.691804885864258,2.737309694290161,10.563591003417969
2002-07-09,14.430493354797363,18.404672622680664,12.208623886108398,2.6963071823120117,10.255250930786133
2002-07-10,14.068958282470703,17.678667068481445,11.445122718811035,2.608527660369873,9.59859561920166
2002-07-11,14.384337425231934,17.15612030029297,12.024201393127441,2.540961503982544,10.420845031738281
2002-07-12,14.192036628723145,16.892532348632812,11.876666069030762,2.4785923957824707,10.272380828857422
2002-07-15,13.8305025100708,16.531843185424805,10.615234375,2.4485628604888916,10.917613983154297
2002-07-16,13.57666015625,16.277511596679688,10.530399322509766,2.453761100769043,10.483651161193848
2002-07-17,13.953575134277344,16.467105865478516,10.792277336120605,2.547891139984131,11.100337982177734
2002-07-18,13.584355354309082,16.069406509399414,10.320154190063477,2.4514505863189697,10.957589149475098
2002-07-19,12.799753189086914,14.982705116271973,9.892309188842773,2.4075613021850586,10.649240493774414
2002-07-22,12.2305326461792,13.997732162475586,9.560346603393555,2.4283506870269775,10.426555633544922
2002-07-23,12.022845268249512,14.29830265045166,9.608298301696777,2.55251145362854,10.169598579406738
2002-07-24,12.630525588989258,15.69021987915039,10.286965370178223,2.5790765285491943,10.6777925491333
2002-07-25,12.715137481689453,15.676348686218262,10.353361129760742,2.5958235263824463,9.981170654296875
2002-07-26,12.307455062866211,16.226638793945312,10.866044998168945,2.6737849712371826,10.169598579406738
2002-07-29,13.345895767211914,16.800046920776367,11.378729820251465,2.7257587909698486,10.786284446716309
2002-07-30,13.415125846862793,16.494850158691406,11.496758460998535,2.7003495693206787,10.831962585449219
2002-07-31,13.638197898864746,16.998889923095703,11.931994438171387,2.6593477725982666,10.729185104370117
2002-08-01,12.945906639099121,15.560738563537598,11.61847972869873,2.605640411376953,10.026848793029785
2002-08-02,11.776695251464844,15.542242050170898,11.397175788879395,2.610837936401367,9.54149055480957
2002-08-05,10.97671127319336,15.028944969177246,10.973003387451172,2.7430827617645264,9.078426361083984
2002-08-06,11.061326026916504,15.4451322555542,11.231196403503418,2.786973714828491,9.79304027557373
2002-08-07,10.692102432250977,15.861316680908203,11.681181907653809,2.7632954120635986,10.13033676147461
2002-08-08,11.153630256652832,16.647451400756836,12.230751991271973,2.84067964553833,10.507648468017578
2002-08-09,11.269014358520508,16.8010311126709,11.991009712219238,2.8608903884887695,10.210373878479004
2002-08-12,10.945944786071777,16.628833770751953,12.120100021362305,2.849919557571411,10.02171516418457
2002-08-13,10.5921049118042,16.214628219604492,11.721758842468262,2.849919557571411,9.547208786010742
2002-08-14,11.153630256652832,16.935998916625977,12.258769035339355,2.9659955501556396,10.456199645996094
2002-08-15,11.6536226272583,17.28504753112793,12.440247535705566,2.9400079250335693,10.639139175415039
2002-08-16,12.199767112731934,17.15007781982422,12.2661771774292,2.9423179626464844,10.719171524047852
2002-08-19,12.807445526123047,17.294363021850586,12.618017196655273,2.9942924976348877,11.125079154968262
2002-08-20,12.653602600097656,16.8382568359375,12.477282524108887,2.985631227493286,10.844945907592773
2002-08-21,12.999751091003418,16.959270477294922,12.67357063293457,2.9221060276031494,11.199390411376953
2002-08-22,13.361282348632812,17.233856201171875,12.932815551757812,2.896118640899658,10.947850227355957
2002-08-23,12.945906639099121,16.82430076599121,12.792080879211426,2.7459707260131836,10.267541885375977
2002-08-26,12.822831153869629,17.066303253173828,12.795787811279297,2.7477028369903564,10.364727020263672
2002-08-27,12.307455062866211,17.173341751098633,12.310622215270996,2.7661831378936768,9.82162094116211
2002-08-28,11.845925331115723,16.577638626098633,12.262476921081543,2.847609519958496,9.627249717712402
2002-08-29,12.130537986755371,16.47059440612793,12.15136432647705,2.8545405864715576,9.798752784729004
2002-08-30,12.061306953430176,16.498519897460938,12.251362800598145,2.887455940246582,9.530059814453125
2002-09-03,11.330551147460938,15.646835327148438,11.584717750549316,2.859158992767334,9.06699275970459
2002-09-04,11.569007873535156,15.739916801452637,11.955078125,2.7604095935821533,9.209914207458496
2002-09-05,11.353626251220703,15.716642379760742,11.825454711914062,2.781198740005493,8.638223648071289
2002-09-06,11.815156936645508,15.967962265014648,11.388433456420898,2.6859118938446045,9.272799491882324
2002-09-09,12.2305326461792,15.823687553405762,11.340293884277344,2.7777342796325684,9.192763328552246
2002-09-10,12.499757766723633,16.19135856628418,11.462507247924805,2.7442400455474854,9.41572093963623
2002-09-11,12.445914268493652,16.102933883666992,11.425471305847168,2.763873815536499,9.50147819519043
2002-09-12,11.922846794128418,15.632868766784668,11.092146873474121,2.7170472145080566,8.9755220413208
2002-09-13,11.922846794128418,15.860918998718262,11.025487899780273,2.71002459526062,9.16418170928955
2002-09-16,12.168994903564453,16.009841918945312,11.184736251831055,2.7749950885772705,8.9755220413208
2002-09-17,12.292072296142578,15.390854835510254,10.929193496704102,2.7217304706573486,8.901204109191895
2002-09-18,12.107457160949707,15.451360702514648,10.906972885131836,2.755094051361084,8.735414505004883
2002-09-19,11.392088890075684,15.060419082641602,10.758834838867188,2.61637282371521,8.56390380859375
2002-09-20,11.72285270690918,15.297779083251953,10.644020080566406,2.4987244606018066,8.518170356750488
2002-09-23,11.592084884643555,15.227971076965332,10.606982231140137,2.525648593902588,8.077971458435059
2002-09-24,11.34593391418457,14.869609832763672,10.369956970214844,2.4998955726623535,8.198023796081543
2002-09-25,11.869004249572754,15.176774978637695,10.851417541503906,2.4278995990753174,8.689677238464355
2002-09-26,12.2305326461792,15.893491744995117,11.203251838684082,2.5010643005371094,8.661089897155762
2002-09-27,11.72285270690918,15.274510383605957,10.584759712219238,2.216015338897705,8.35810375213623
2002-09-30,11.645928382873535,14.84634017944336,10.747720718383789,2.2710354328155518,7.940765857696533
2002-10-01,12.076690673828125,15.786453247070312,11.295845985412598,2.382831573486328,8.386678695678711
2002-10-02,12.499757766723633,15.195396423339844,11.106965065002441,2.3108363151550293,8.17516040802002
2002-10-03,12.307455062866211,15.442060470581055,10.977337837219238,2.3120076656341553,7.912178993225098
2002-10-04,11.576700210571289,15.38620662689209,10.573650360107422,2.1416797637939453,7.837859153747559
2002-10-07,10.876712799072266,15.446707725524902,10.48106861114502,2.2581582069396973,7.900750160217285
2002-10-08,11.269014358520508,15.218666076660156,10.99955940246582,2.120023250579834,7.55773401260376
2002-10-09,10.922867774963379,15.279167175292969,10.83289909362793,2.1440207958221436,7.694938659667969
2002-10-10,11.707466125488281,15.725950241088867,11.10326099395752,2.1170969009399414,8.10655689239502
2002-10-11,12.307455062866211,16.07499885559082,11.166218757629395,2.1662628650665283,8.701109886169434
2002-10-14,12.368990898132324,16.256511688232422,11.455097198486328,2.2411842346191406,8.63250732421875
2002-10-15,12.884366035461426,16.894100189208984,11.773604393005371,2.3424437046051025,9.444305419921875
2002-10-16,12.615143775939941,16.535747528076172,11.818046569824219,2.259329080581665,7.740668773651123
2002-10-17,12.884366035461426,16.894100189208984,12.129146575927734,2.3588337898254395,8.135135650634766
2002-10-18,12.884366035461426,16.75449562072754,12.40320873260498,2.3436155319213867,8.266627311706543
2002-10-21,13.368974685668945,16.75449562072754,11.90693187713623,2.487017869949341,8.832601547241211
2002-10-22,13.161284446716309,16.372861862182617,11.592133522033691,2.521552562713623,8.643945693969727
2002-10-23,13.692048072814941,16.349594116210938,11.492134094238281,2.5098459720611572,9.238497734069824
2002-10-24,13.384359359741211,16.135509490966797,11.321771621704102,2.511016607284546,8.935503959655762
2002-10-25,13.8305025100708,16.34029197692871,11.81434440612793,2.493455410003662,9.484326362609863
2002-10-28,13.368974685668945,16.12152862548828,11.68842601776123,2.4372661113739014,9.610101699829102
2002-10-29,12.884366035461426,15.465326309204102,11.57361125946045,2.461264133453369,9.375704765319824
2002-10-30,12.945906639099121,15.860918998718262,11.869895935058594,2.419706344604492,9.71300220489502
2002-10-31,12.845904350280762,15.665447235107422,11.76620101928711,2.385172128677368,9.890220642089844
2002-11-01,13.099749565124512,16.13085174560547,11.903225898742676,2.4823343753814697,10.46191692352295
2002-11-04,13.88434886932373,15.944689750671387,11.869895935058594,2.443119525909424,10.730606079101562
2002-11-05,14.330491065979004,16.559022903442383,12.080998420715332,2.498137950897217,10.501687049865723
2002-11-06,14.507413864135742,16.34029197692871,12.458762168884277,2.5016510486602783,10.9595308303833
2002-11-07,14.045886039733887,16.152894973754883,12.436539649963379,2.520381212234497,10.553197860717773
2002-11-08,13.599740028381348,16.21380043029785,12.543939590454102,2.5016510486602783,10.38723087310791
2002-11-11,13.361282348632812,15.867125511169434,12.273587226867676,2.5156991481781006,9.923669815063477
2002-11-12,13.499740600585938,15.94676399230957,12.432839393615723,2.167433261871338,10.18120002746582
2002-11-13,13.768964767456055,15.646947860717773,12.120534896850586,2.2388429641723633,10.370060920715332
2002-11-14,13.938194274902344,16.16226577758789,12.287832260131836,2.258742332458496,10.993865013122559
2002-11-15,14.253572463989258,16.32623291015625,12.287832260131836,2.227721929550171,10.759217262268066
2002-11-18,14.084342002868652,16.382444381713867,12.239509582519531,2.2359163761138916,10.616148948669434
2002-11-19,13.984347343444824,16.49019432067871,12.269255638122559,2.2300634384155273,10.38723087310791
2002-11-20,14.268957138061523,16.508934020996094,12.302711486816406,2.214259147644043,10.9595308303833
2002-11-21,15.038174629211426,16.330917358398438,12.269255638122559,2.189676284790039,11.566164016723633
2002-11-22,15.022785186767578,16.031089782714844,12.035012245178223,2.1709446907043457,11.47459602355957
2002-11-25,15.107400894165039,16.209110260009766,11.752450942993164,2.1990418434143066,11.720685005187988
2002-11-26,14.622794151306152,15.909289360046387,11.826813697814941,2.1949446201324463,11.560439109802246
2002-11-27,15.299708366394043,16.377763748168945,11.767329216003418,2.203139305114746,11.961051940917969
2002-11-29,15.245861053466797,16.302804946899414,11.722710609436035,2.207821846008301,11.949604034423828
2002-12-02,14.915095329284668,16.199745178222656,11.637198448181152,2.2242093086242676,12.046900749206543
2002-12-03,14.261262893676758,16.349653244018555,11.592581748962402,2.2429397106170654,11.623394966125488
2002-12-04,13.599740028381348,16.288747787475586,11.503349304199219,2.3178606033325195,11.257123947143555
2002-12-05,13.5689697265625,16.288747787475586,11.414113998413086,2.3038129806518555,10.850788116455078
2002-12-06,13.207438468933105,16.466764450073242,11.525657653808594,2.338346481323242,10.707717895507812
2002-12-09,12.961287498474121,16.166950225830078,11.611167907714844,2.3447859287261963,10.118247985839844
2002-12-10,13.107439041137695,16.415239334106445,11.797067642211914,2.400390386581421,10.37578296661377
2002-12-11,13.1308012008667,16.40586280822754,11.752450942993164,2.389854669570923,10.392951011657715
2002-12-12,13.138594627380371,16.34029197692871,11.570266723632812,2.387514114379883,10.410123825073242
2002-12-13,12.866006851196289,16.415239334106445,11.33975887298584,2.3986358642578125,10.061017990112305
2002-12-16,13.146380424499512,16.79938507080078,11.544244766235352,2.4284861087799072,10.427290916442871
2002-12-17,13.263201713562012,16.640100479125977,11.332321166992188,2.4115118980407715,10.23843002319336
2002-12-18,12.873793601989746,16.64947509765625,11.25796127319336,2.4191205501556396,9.803485870361328
2002-12-19,12.61678695678711,16.466764450073242,11.191038131713867,2.4220926761627197,9.729084968566895
2002-12-20,12.819278717041016,16.72443199157715,11.336042404174805,2.444685220718384,9.7348051071167
2002-12-23,12.951677322387695,16.747846603393555,11.585148811340332,2.4613325595855713,9.849268913269043
2002-12-24,12.780340194702148,16.593257904052734,11.666940689086914,2.4660873413085938,9.603182792663574
2002-12-26,12.897160530090332,16.546405792236328,11.161294937133789,2.4851131439208984,9.551671981811523
2002-12-27,12.4688138961792,16.227846145629883,11.075788497924805,2.456575870513916,9.385704040527344
2002-12-30,12.49217700958252,16.279376983642578,11.4550142288208,2.460738182067871,9.019430160522461
2002-12-31,12.7024564743042,16.368391036987305,11.365784645080566,2.4096081256866455,8.910696983337402
2003-01-02,13.442330360412598,16.616680145263672,11.722710609436035,2.3989062309265137,9.551671981811523
2003-01-03,13.520212173461914,16.63072967529297,11.815654754638672,2.3662071228027344,9.465826988220215
2003-01-06,14.213358879089355,17.042985916137695,11.897449493408203,2.348966121673584,9.832098007202148
2003-01-07,14.05759334564209,16.466764450073242,11.759883880615234,2.4452810287475586,9.935111045837402
2003-01-08,13.769433975219727,16.39649772644043,11.488476753234863,2.408419609069824,9.545950889587402
2003-01-09,14.080957412719727,16.743165969848633,11.577710151672363,2.4601426124572754,9.763422966003418
2003-01-10,14.135475158691406,16.508934020996094,11.451292037963867,2.4494411945343018,9.969451904296875
2003-01-13,14.252297401428223,16.443344116210938,11.488476753234863,2.4601426124572754,9.94655704498291
2003-01-14,14.384693145751953,16.593257904052734,11.533093452453613,2.4583582878112793,10.18120002746582
2003-01-15,14.010862350463867,16.363706588745117,11.376179695129395,2.444685220718384,9.929387092590332
2003-01-16,14.05759334564209,16.43865966796875,11.189376831054688,2.4803574085235596,9.843547821044922
2003-01-17,13.862893104553223,16.26532745361328,11.223006248474121,2.491058111190796,9.351367950439453
2003-01-21,13.356658935546875,15.890554428100586,11.39486312866211,2.454197406768799,9.322752952575684
2003-01-22,13.489059448242188,15.689106941223145,11.47331428527832,2.427443742752075,9.299860000610352
2003-01-23,13.769433975219727,15.651626586914062,11.585393905639648,2.3513453006744385,9.5402250289917
2003-01-24,13.317717552185059,15.314330101013184,11.301454544067383,2.3127012252807617,9.070942878723145
2003-01-27,13.045134544372559,14.906764030456543,11.13707447052002,2.297837257385254,9.088111877441406
2003-01-28,13.123015403747559,15.300277709960938,11.208054542541504,2.281785726547241,9.173959732055664
2003-01-29,13.286564826965332,15.85775375366211,11.413541793823242,2.2015252113342285,9.534502983093262
2003-01-30,12.733609199523926,15.567304611206055,11.099714279174805,2.190824031829834,9.030884742736816
2003-01-31,13.62924575805664,15.998289108276367,11.342554092407227,2.251465082168579,8.962204933166504
2003-02-03,13.590303421020508,16.223161697387695,11.3687105178833,2.2823803424835205,9.030884742736816
2003-02-04,13.161956787109375,16.223161697387695,11.148283004760742,2.2615723609924316,8.950758934020996
2003-02-05,13.161956787109375,15.988935470581055,11.088504791259766,2.262166738510132,8.927831649780273
2003-02-06,13.239836692810059,15.852145195007324,11.125863075256348,2.2312510013580322,8.830421447753906
2003-02-07,12.733609199523926,15.729523658752441,10.946538925170898,2.2366013526916504,8.624131202697754
2003-02-10,12.819278717041016,15.852145195007324,11.047410011291504,2.2645444869995117,8.75019645690918
2003-02-11,12.834856033325195,15.738947868347168,10.905437469482422,2.23244047164917,8.79030990600586
2003-02-12,12.694668769836426,15.422945976257324,10.741058349609375,2.224116802215576,8.681429862976074
2003-02-13,12.562271118164062,15.62575912475586,10.673809051513672,2.2276837825775146,8.899184226989746
2003-02-14,13.029559135437012,15.771967887878418,10.67006778717041,2.267516613006592,9.254462242126465
2003-02-18,13.473481178283691,15.91818904876709,10.983901023864746,2.258004665374756,9.58682632446289
2003-02-19,13.123015403747559,15.932330131530762,10.868081092834473,2.228872299194336,9.615473747253418
2003-02-20,13.123015403747559,15.861583709716797,10.699957847595215,2.200929880142212,9.718618392944336
2003-02-21,13.255412101745605,16.120996475219727,10.812042236328125,2.2371959686279297,9.621210098266602
2003-02-24,12.9360990524292,16.036094665527344,10.71490478515625,2.214604616165161,9.477947235107422
2003-02-25,13.0529203414917,16.10212516784668,10.718642234802246,2.262166738510132,9.58682632446289
2003-02-26,12.982831954956055,15.960631370544434,10.797098159790039,2.263355255126953,9.306039810180664
2003-02-27,12.850430488586426,16.02666664123535,10.983901023864746,2.300808906555176,9.56963062286377
2003-02-28,13.286564826965332,16.04552459716797,11.140809059143066,2.297837257385254,9.884801864624023
2003-03-03,13.084077835083008,16.2530517578125,10.972691535949707,2.3174564838409424,9.546711921691895
2003-03-04,12.49996566772461,16.144577026367188,10.699957847595215,2.3115127086639404,9.523792266845703
2003-03-05,12.41429615020752,16.470006942749023,10.905437469482422,2.31805157661438,9.730079650878906
2003-03-06,12.1962251663208,16.300216674804688,10.980158805847168,2.216388463973999,9.546711921691895
2003-03-07,12.242955207824707,16.408695220947266,11.20058822631836,2.1295881271362305,9.174240112304688
2003-03-10,11.822396278381348,16.201175689697266,10.946538925170898,2.113535165786743,9.111211776733398
2003-03-11,11.697786331176758,16.304927825927734,10.834453582763672,2.146233081817627,9.082552909851074
2003-03-12,11.822396278381348,16.06439781188965,10.894231796264648,2.1619713306427,9.265928268432617
2003-03-13,12.61678695678711,16.267202377319336,10.939067840576172,2.1619713306427,9.94210147857666
2003-03-14,12.788124084472656,16.220035552978516,10.815781593322754,2.1141555309295654,9.83896255493164
2003-03-17,13.247627258300781,16.53131866455078,11.095974922180176,2.101444959640503,10.348958015441895
2003-03-18,12.912734985351562,16.62565040588379,11.215529441833496,1.9731305837631226,10.457830429077148
2003-03-19,13.216475486755371,16.786014556884766,11.503204345703125,2.0463666915893555,10.303112030029297
2003-03-20,13.348872184753418,16.786014556884766,11.506935119628906,2.0754194259643555,10.469300270080566
2003-03-21,14.594970703125,16.979393005371094,11.940316200256348,2.1208138465881348,10.841765403747559
2003-03-24,13.551362991333008,16.65394401550293,11.577926635742188,2.033050298690796,10.21142864227295
2003-03-25,13.777222633361816,16.823745727539062,11.9552583694458,2.02457594871521,10.337495803833008
2003-03-26,13.730488777160645,16.91336441040039,11.846912384033203,2.0215518474578857,10.251538276672363
2003-03-27,13.69155216217041,16.941659927368164,11.876809120178223,2.0154991149902344,10.07390022277832
2003-03-28,13.777222633361816,16.99354362487793,11.884278297424316,1.9446834325790405,9.867609024047852
2003-03-31,13.255412101745605,16.484161376953125,11.641439437866211,1.8133436441421509,9.328958511352539
2003-04-01,13.325509071350098,16.81431007385254,11.914166450500488,1.7007665634155273,9.409177780151367
2003-04-02,14.003076553344727,16.837902069091797,12.134592056274414,1.7945808172225952,10.039519309997559
2003-04-03,13.746065139770508,16.53131866455078,12.06734561920166,1.797607183456421,10.068174362182617
2003-04-04,13.582513809204102,16.75299835205078,12.254140853881836,1.7128709554672241,9.770191192626953
2003-04-07,13.816160202026367,16.53131866455078,12.14206314086914,1.7564502954483032,9.94210147857666
2003-04-08,13.341082572937012,16.30965232849121,12.082284927368164,1.8157650232315063,9.798847198486328
2003-04-09,13.317717552185059,16.257766723632812,11.843181610107422,1.8339223861694336,9.558171272277832
2003-04-10,13.504633903503418,16.3568115234375,11.858125686645508,1.8218183517456055,9.672779083251953
2003-04-11,13.89404296875,16.191741943359375,11.772202491760254,1.8514742851257324,9.592554092407227
2003-04-14,14.17441463470459,16.446434020996094,12.000094413757324,1.9053425788879395,9.83322525024414
2003-04-15,14.26008415222168,16.53131866455078,12.033720970153809,1.9640532732009888,9.816033363342285
2003-04-16,14.010862350463867,16.36153221130371,11.71616268157959,1.918657898902893,10.40626049041748
2003-04-17,14.330179214477539,16.521892547607422,11.71616268157959,1.9483147859573364,10.69277286529541
2003-04-21,14.369119644165039,16.446434020996094,11.805819511413574,1.9592100381851196,10.687043190002441
2003-04-22,14.696223258972168,16.705842971801758,11.88801097869873,1.9785782098770142,10.887603759765625
2003-04-23,14.98438549041748,16.668102264404297,11.637702941894531,1.9949196577072144,11.162660598754883
2003-04-24,14.524877548217773,16.569059371948242,11.577926635742188,1.9912891387939453,10.858948707580566
2003-04-25,14.143263816833496,16.408695220947266,11.346291542053223,1.8768948316574097,10.475028038024902
2003-04-28,14.369119644165039,16.701122283935547,11.469576835632324,1.8853689432144165,10.74434757232666
2003-04-29,14.275659561157227,16.427562713623047,11.506935119628906,1.864185094833374,10.841765403747559
2003-04-30,14.532666206359863,16.602075576782227,11.488258361816406,1.8617645502090454,10.543787002563477
2003-05-01,14.579397201538086,16.73413848876953,11.577926635742188,1.8430010080337524,10.618281364440918
2003-05-02,14.71179485321045,16.998260498046875,11.787139892578125,1.8744739294052124,10.90479850769043
2003-05-05,14.400266647338867,16.719985961914062,11.921639442443848,1.8732645511627197,10.910531044006348
2003-05-06,14.376908302307129,16.602075576782227,11.970208168029785,1.8787109851837158,11.203084945678711
2003-05-07,14.299027442932129,16.701122283935547,11.899222373962402,1.8986847400665283,11.013786315917969
2003-05-08,14.15105152130127,16.668102264404297,11.917903900146484,1.8781062364578247,10.824483871459961
2003-05-09,14.532666206359863,16.84861183166504,12.198102951049805,1.918657898902893,11.231767654418945
2003-05-12,14.828617095947266,16.886606216430664,12.422266960144043,2.0033938884735107,11.46695613861084
2003-05-13,14.408061027526855,16.877107620239258,12.437206268310547,2.0082364082336426,11.375175476074219
2003-05-14,14.252297401428223,16.725107192993164,12.463476181030273,2.023367166519165,11.27766227722168
2003-05-15,14.376908302307129,16.763105392456055,12.58357048034668,2.0421295166015625,11.472691535949707
2003-05-16,14.361330032348633,16.839113235473633,12.613595962524414,2.0154991149902344,11.185877799987793
2003-05-19,13.878464698791504,16.64435386657715,11.93431568145752,2.0288150310516357,10.70976448059082
2003-05-20,13.901830673217773,16.777359008789062,11.671619415283203,2.1129446029663086,10.704021453857422
2003-05-21,13.925195693969727,17.0006103515625,11.821728706359863,2.3181259632110596,10.807280540466309
2003-05-22,14.112110137939453,17.076610565185547,12.069422721862793,2.4845712184906006,10.767122268676758
2003-05-23,14.205567359924316,17.090862274169922,11.964337348937988,2.5608339309692383,10.790068626403809
2003-05-27,14.696223258972168,17.4376220703125,11.99811840057373,2.547518491744995,11.346495628356934
2003-05-28,15.140149116516113,17.31412696838379,11.915555953979492,2.5015180110931396,11.32354736328125
2003-05-29,15.015532493591309,17.08611297607422,11.739160537719727,2.4997031688690186,11.948810577392578
2003-05-30,15.303696632385254,17.29035186767578,11.64158821105957,2.4997031688690186,11.943074226379395
2003-06-02,15.630796432495117,17.37587547302246,11.637831687927246,2.549333095550537,11.690675735473633
2003-06-03,15.389366149902344,17.565872192382812,11.893037796020508,2.585649251937866,12.103690147399902
2003-06-04,16.14481544494629,17.765378952026367,12.159488677978516,2.614701747894287,12.264311790466309
2003-06-05,16.308364868164062,17.6513729095459,12.290844917297363,2.6207525730133057,12.528185844421387
2003-06-06,16.573163986206055,17.736873626708984,12.41844654083252,2.6328587532043457,12.482290267944336
2003-06-09,15.8254976272583,17.793874740600586,12.448468208312988,2.605621576309204,12.430667877197266
2003-06-10,16.059144973754883,17.83187484741211,12.501009941101074,2.6510164737701416,12.60275650024414
2003-06-11,16.199331283569336,18.145389556884766,12.489748001098633,2.6829562187194824,12.55686092376709
2003-06-12,16.199331283569336,18.145389556884766,12.579817771911621,2.6387314796447754,12.700274467468262
2003-06-13,15.848862648010254,18.017131805419922,12.414690971374512,2.5908217430114746,12.252840995788574
2003-06-16,16.098081588745117,18.19764518737793,12.985137939453125,2.6338183879852295,12.545391082763672
2003-06-17,16.464130401611328,17.893630981445312,13.578100204467773,2.6454873085021973,12.304471015930176
2003-06-18,16.051353454589844,17.736873626708984,13.529314994812012,2.7173540592193604,12.47655963897705
2003-06-19,15.646371841430664,17.51837158203125,13.360428810119629,2.6798861026763916,12.115169525146484
2003-06-20,15.833290100097656,17.523117065429688,13.349172592163086,2.641803503036499,11.85703182220459
2003-06-23,15.467248916625977,17.546876907348633,13.277873039245605,2.693398952484131,11.679204940795898
2003-06-24,15.288115501403809,17.52787208557129,13.285369873046875,2.7671051025390625,11.730829238891602
2003-06-25,14.883133888244629,17.413867950439453,13.259098052978516,2.7007689476013184,11.495640754699707
2003-06-26,15.10899543762207,17.4328670501709,13.510540962219238,2.7505228519439697,11.83408260345459
2003-06-27,15.062264442443848,17.2761173248291,13.13525390625,2.7701778411865234,11.79966926574707
2003-06-30,15.381576538085938,17.05760955810547,12.816248893737793,2.791059732437134,11.937342643737793
2003-07-01,15.490612983703613,17.18586540222168,12.958864212036133,2.837127923965454,12.281522750854492
2003-07-02,15.73983097076416,17.23336410522461,13.003897666931152,2.8616981506347656,12.74042797088623
2003-07-03,15.630796432495117,17.128864288330078,12.846282958984375,2.8328287601470947,12.459344863891602
2003-07-07,16.02799415588379,17.12411880493164,12.910073280334473,2.8788955211639404,13.141971588134766
2003-07-08,16.043569564819336,16.934110641479492,12.876300811767578,2.8727529048919678,13.279646873474121
2003-07-09,16.29278564453125,17.033859252929688,12.842528343200684,2.7026119232177734,13.46894645690918
2003-07-10,16.012413024902344,16.86285400390625,12.63236141204834,2.6534740924835205,13.141971588134766
2003-07-11,16.230487823486328,16.910362243652344,12.8350191116333,2.5680959224700928,13.388633728027344
2003-07-14,16.596525192260742,16.767854690551758,12.69991683959961,2.5773086547851562,13.778708457946777
2003-07-15,16.62767791748047,16.715606689453125,12.707419395446777,2.4876303672790527,13.824604034423828
2003-07-16,16.394033432006836,16.58734893798828,12.51601791381836,2.4569196701049805,14.518694877624512
2003-07-17,16.21491050720215,16.720355987548828,12.294599533081055,2.4464774131774902,14.300714492797852
2003-07-18,16.36288070678711,17.04336166381836,12.531034469604492,2.47411847114563,14.145834922790527
2003-07-21,15.89559268951416,16.80585289001465,12.212031364440918,2.4735045433044434,13.80164909362793
2003-07-22,16.21491050720215,16.967357635498047,12.170754432678223,2.47411847114563,14.008155822753906
2003-07-23,16.051353454589844,16.94361114501953,12.358397483825684,2.465519428253174,14.231876373291016
2003-07-24,16.238269805908203,16.74410629272461,12.215787887573242,2.469205617904663,13.750025749206543
2003-07-25,16.58094596862793,16.98636245727539,12.399679183959961,2.5177292823791504,14.289239883422852
2003-07-28,17.063817977905273,16.98160171508789,12.302103042602539,2.4735045433044434,14.203202247619629
2003-07-29,17.1728515625,16.82961082458496,12.22329330444336,2.4735045433044434,14.283499717712402
2003-07-30,16.892475128173828,16.777359008789062,12.531034469604492,2.4569196701049805,14.048314094543457
2003-07-31,17.07159996032715,16.900861740112305,12.519775390625,2.457533836364746,14.277766227722168
2003-08-01,17.538890838623047,16.782115936279297,12.264573097229004,2.47411847114563,14.352339744567871
2003-08-04,17.219581604003906,16.91510772705078,12.410941123962402,2.5183424949645996,14.415440559387207
2003-08-05,16.7834415435791,16.791608810424805,12.197020530700684,2.4698190689086914,13.933206558227539
2003-08-06,16.67440414428711,16.98160171508789,12.178261756896973,2.469205617904663,13.85857105255127
2003-08-07,16.86132049560547,17.219120025634766,12.36214828491211,2.455077886581421,13.772459030151367
2003-08-08,17.009300231933594,17.34737205505371,12.37341022491455,2.4520061016082764,13.53708267211914
2003-08-11,17.1728515625,17.466941833496094,12.350893020629883,2.48087477684021,13.72078800201416
2003-08-12,17.484373092651367,17.557815551757812,12.335881233215332,2.5011444091796875,13.990614891052246
2003-08-13,17.523313522338867,17.457374572753906,11.898548126220703,2.47841739654541,14.185806274414062
2003-08-14,17.570043563842773,17.66781234741211,11.728888511657715,2.4477057456970215,14.43266773223877
2003-08-15,17.484373092651367,17.61520004272461,11.8457670211792,2.4477057456970215,14.380996704101562
2003-08-18,17.445432662963867,17.65825843811035,11.864614486694336,2.3942677974700928,15.0354585647583
2003-08-19,17.31303596496582,17.543466567993164,11.78921127319336,2.3936550617218018,15.196202278137207
2003-08-20,17.118328094482422,17.600858688354492,11.58939266204834,2.453234910964966,15.133057594299316
2003-08-21,16.8223819732666,17.720439910888672,11.23123550415039,2.4501640796661377,15.150273323059082
2003-08-22,16.67440414428711,17.471723556518555,11.14074993133545,2.4280521869659424,15.72437572479248
2003-08-25,16.54979705810547,17.586502075195312,11.261391639709473,2.4569196701049805,15.638256072998047
2003-08-26,16.238269805908203,17.61520004272461,11.314172744750977,2.4538488388061523,15.90807819366455
2003-08-27,16.137027740478516,17.816085815429688,11.276470184326172,2.47411847114563,16.086055755615234
2003-08-28,15.809926986694336,17.95956802368164,11.238771438598633,2.512814998626709,16.24678611755371
2003-08-29,15.965686798095703,18.03131866455078,11.28023910522461,2.531855583190918,16.413284301757812
2003-09-02,16.31615447998047,18.160444259643555,11.483832359313965,2.561952829360962,16.499391555786133
2003-09-03,16.60431480407715,18.213062286376953,11.64217472076416,2.573009490966797,16.200870513916016
2003-09-04,16.713350296020508,18.251325607299805,11.536615371704102,2.566253185272217,16.41902732849121
2003-09-05,16.503067016601562,18.160444259643555,11.502681732177734,2.5490546226501465,16.482166290283203
2003-09-08,16.635467529296875,18.399593353271484,11.864614486694336,2.55519700050354,16.75200080871582
2003-09-09,16.495281219482422,18.2274112701416,11.943784713745117,2.5478248596191406,16.52809715270996
2003-09-10,16.043569564819336,18.174802780151367,11.977724075317383,2.5545809268951416,15.879375457763672
2003-09-11,16.10587501525879,18.174802780151367,12.004111289978027,2.5614516735076904,16.09178924560547
2003-09-12,15.763193130493164,18.04566192626953,12.026731491088867,2.533351182937622,16.269765853881836
2003-09-15,15.654159545898438,17.940439224243164,12.011648178100586,2.535224676132202,16.06882667541504
2003-09-16,15.91895866394043,18.036102294921875,12.060659408569336,2.5264828205108643,16.596996307373047
2003-09-17,15.786561012268066,17.6199893951416,12.105901718139648,2.78812313079834,16.579763412475586
2003-09-18,15.926741600036621,17.73477554321289,12.083281517028809,2.7825026512145996,16.74050521850586
2003-09-19,15.950109481811523,17.691734313964844,11.857071876525879,2.784377336502075,16.74625587463379
2003-09-22,15.584070205688477,17.562597274780273,11.740203857421875,2.777508020401001,16.373096466064453
2003-09-23,15.732040405273438,17.725217819213867,11.913623809814453,2.7787563800811768,16.614212036132812
2003-09-24,15.428305625915527,17.648693084716797,11.6497163772583,2.763768196105957,15.948262214660645
2003-09-25,15.81771469116211,17.768259048461914,11.510218620300293,2.7400412559509277,15.75881576538086
2003-09-26,15.638583183288574,17.591293334960938,11.521530151367188,2.7069458961486816,15.655479431152344
2003-09-29,15.79434871673584,17.706083297729492,11.64594841003418,2.716313123703003,16.286975860595703
2003-09-30,15.70867919921875,17.505199432373047,11.453668594360352,2.7350454330444336,15.79899787902832
2003-10-01,16.222694396972656,17.86391830444336,11.612011909484863,2.7706384658813477,16.43623924255371
2003-10-02,16.308364868164062,17.96436309814453,11.706270217895508,2.7662675380706787,16.430496215820312
2003-10-03,16.573163986206055,18.055225372314453,11.604474067687988,2.7906200885772705,16.998855590820312
2003-10-06,16.503067016601562,18.21784782409668,11.593162536621094,2.8118512630462646,16.970157623291016
2003-10-07,16.791229248046875,18.33741569519043,11.555463790893555,2.8187201023101807,17.194053649902344
2003-10-08,16.713350296020508,18.193933486938477,11.559229850769043,2.806857109069824,17.033294677734375
2003-10-09,17.040451049804688,18.1508846282959,11.672337532043457,2.8243420124053955,17.09071159362793
2003-10-10,16.869112014770508,18.318288803100586,11.593162536621094,2.813100576400757,17.469602584838867
2003-10-13,16.7445011138916,18.40436363220215,11.563003540039062,2.8037352561950684,17.682018280029297
2003-10-14,17.094966888427734,18.528728485107422,11.64217472076416,2.80997896194458,17.84276580810547
2003-10-15,16.939207077026367,18.409156799316406,11.536615371704102,2.819345474243164,18.2331485748291
2003-10-16,17.056026458740234,18.610042572021484,11.64217472076416,2.806857109069824,18.502975463867188
2003-10-17,16.80680274963379,18.49046516418457,11.521530151367188,2.7962403297424316,18.17574119567871
2003-10-20,16.7834415435791,18.471343994140625,11.687416076660156,2.839327573776245,18.46278953552246
2003-10-21,16.970354080200195,18.34219741821289,11.875924110412598,2.838078498840332,18.43982696533203
2003-10-22,16.83795928955078,17.86391830444336,11.544156074523926,2.8287124633789062,18.095369338989258
2003-10-23,17.0170841217041,17.983482360839844,11.691184043884277,2.8399507999420166,17.923141479492188
2003-10-24,16.978145599365234,18.103055953979492,11.627099990844727,2.8474462032318115,17.84276580810547
2003-10-27,17.242944717407227,18.050451278686523,11.676106452941895,2.829336166381836,18.037960052490234
2003-10-28,17.55447006225586,18.174802780151367,11.875924110412598,2.8830363750457764,18.75557518005371
2003-10-29,17.733592987060547,18.083919525146484,11.78921127319336,2.9161336421966553,18.830198287963867
2003-10-30,17.819265365600586,17.361713409423828,11.64217472076416,2.91176176071167,18.881872177124023
2003-10-31,17.632349014282227,17.495643615722656,11.913623809814453,2.903644561767578,18.91631317138672
2003-11-03,17.850414276123047,17.543466567993164,11.91739559173584,2.907390832901001,19.542076110839844
2003-11-04,17.71802520751953,17.371280670166016,11.857071876525879,2.905517101287842,19.335403442382812
2003-11-05,17.928298950195312,17.23257827758789,11.932479858398438,2.93361759185791,19.381357192993164
2003-11-06,18.224246978759766,17.17997169494629,12.011648178100586,2.953599691390991,19.59964370727539
2003-11-07,18.224246978759766,17.126989364624023,11.977724075317383,3.0915987491607666,19.456043243408203
2003-11-10,18.029544830322266,17.22332763671875,11.868382453918457,3.0659987926483154,19.180309295654297
2003-11-11,18.006179809570312,17.362993240356445,11.989028930664062,3.0410196781158447,19.191797256469727
2003-11-12,18.17751693725586,17.34854507446289,12.273130416870117,3.137808322906494,19.58815574645996
2003-11-13,18.16194725036621,17.464134216308594,12.670869827270508,3.132188320159912,19.404327392578125
2003-11-14,17.967235565185547,17.338903427124023,12.909514427185059,3.1440532207489014,18.841388702392578
2003-11-17,17.93609046936035,17.146257400512695,12.905729293823242,3.1440532207489014,18.51396942138672
2003-11-18,17.538890838623047,16.92951774597168,12.947402954101562,3.114079475402832,18.28994369506836
2003-11-19,17.749174118041992,17.06920051574707,13.038304328918457,3.1221988201141357,18.680551528930664
2003-11-20,17.663501739501953,17.006574630737305,12.746633529663086,3.1234474182128906,18.284191131591797
2003-11-21,17.58561897277832,17.02103042602539,12.568593978881836,3.127817153930664,18.5656681060791
2003-11-24,17.78032112121582,17.126989364624023,12.837543487548828,3.1590404510498047,19.220521926879883
2003-11-25,17.904937744140625,17.252220153808594,12.795876502990723,3.1734023094177246,18.996492385864258
2003-11-26,17.97502899169922,17.473770141601562,12.814818382263184,3.24084210395813,19.157329559326172
2003-11-28,17.982812881469727,17.43523597717285,12.716322898864746,3.247084617614746,19.2664737701416
2003-12-01,18.045122146606445,17.526748657226562,12.94360637664795,3.2689414024353027,19.553691864013672
2003-12-02,17.58561897277832,17.579730987548828,12.89057445526123,3.244588613510132,19.444549560546875
2003-12-03,17.0170841217041,17.59898567199707,12.860267639160156,3.2133660316467285,19.15159034729004
2003-12-04,17.28966522216797,17.830177307128906,13.019363403320312,3.2221086025238037,19.2664737701416
2003-12-05,16.87689781188965,17.71458625793457,12.954968452453613,3.2108681201934814,18.439292907714844
2003-12-08,16.95478057861328,18.013195037841797,13.042088508605957,3.2745614051818848,18.175050735473633
2003-12-09,17.367551803588867,18.128793716430664,13.026939392089844,3.2308509349823,17.376596450805664
2003-12-10,17.619144439697266,18.2010498046875,12.917086601257324,3.266442060470581,17.4742431640625
2003-12-11,17.80783462524414,18.258831024169922,13.136791229248047,3.315150022506714,17.75571632385254
2003-12-12,17.941497802734375,18.33108139038086,13.030730247497559,3.3188974857330322,17.72699737548828
2003-12-15,17.949357986450195,18.205854415893555,13.045879364013672,3.3320086002349854,17.370845794677734
2003-12-16,18.043703079223633,18.52855110168457,13.106489181518555,3.3850879669189453,17.38234519958496
2003-12-17,18.035839080810547,18.726022720336914,13.011785507202148,3.378843307495117,17.330636978149414
2003-12-18,18.19308090209961,18.981287002563477,13.045879364013672,3.4446098804473877,17.749969482421875
2003-12-19,18.263843536376953,19.072805404663086,12.981489181518555,3.4730658531188965,17.560415267944336
2003-12-22,18.436811447143555,19.010183334350586,12.992849349975586,3.451566457748413,17.4742431640625
2003-12-23,18.444673538208008,19.145051956176758,13.076187133789062,3.4161534309387207,17.87060546875
2003-12-24,18.373912811279297,19.18358039855957,13.151944160461426,3.382004737854004,17.853368759155273
2003-12-26,18.248117446899414,19.289541244506836,13.163309097290039,3.3927555084228516,18.01422119140625
2003-12-29,18.460399627685547,19.544803619384766,13.258010864257812,3.4401843547821045,18.46800994873047
2003-12-30,18.318880081176758,19.592967987060547,13.28452205657959,3.4167869091033936,18.404823303222656
2003-12-31,18.34246063232422,19.747093200683594,13.383014678955078,3.4414474964141846,18.410566329956055
2004-01-02,18.609771728515625,19.568891525268555,13.466351509094238,3.455993175506592,18.473758697509766
2004-01-05,18.979297637939453,20.02643585205078,13.826208114624023,3.4300661087036133,18.904582977294922
2004-01-06,19.026472091674805,19.891578674316406,13.818635940551758,3.4041383266448975,18.898836135864258
2004-01-07,19.340957641601562,19.747093200683594,13.936062812805176,3.3592374324798584,19.52497100830078
2004-01-08,19.624000549316406,19.69892692565918,13.807271957397461,3.357974052429199,19.668582916259766
2004-01-09,19.55323600769043,19.40513038635254,13.659534454345703,3.3390047550201416,19.513486862182617
2004-01-12,19.561098098754883,19.679668426513672,13.48907470703125,3.3598711490631104,19.616878509521484
2004-01-13,19.40385627746582,19.592967987060547,13.311039924621582,3.3636655807495117,19.295188903808594
2004-01-14,19.57682228088379,19.592967987060547,13.314828872680664,3.4073009490966797,19.180309295654297
2004-01-15,19.513931274414062,19.40030860900879,13.189825057983398,3.430698871612549,18.99074935913086
2004-01-16,19.537513732910156,19.506269454956055,13.258010864257812,3.3946518898010254,18.893091201782227
2004-01-20,19.23874855041504,19.68929100036621,13.079974174499512,3.3649301528930664,18.732250213623047
2004-01-21,19.325237274169922,19.954195022583008,13.496652603149414,3.414889097213745,18.496732711791992
2004-01-22,19.41958236694336,19.881954193115234,13.689845085144043,3.4167869091033936,18.1693115234375
2004-01-23,18.90854263305664,19.76634979248047,13.689845085144043,3.4452426433563232,18.238239288330078
2004-01-26,19.183719635009766,20.01198959350586,13.954999923706055,3.4661128520965576,18.628856658935547
2004-01-27,18.99502182006836,19.83860206604004,13.712567329406738,3.4781272411346436,18.1693115234375
2004-01-28,18.609771728515625,19.65557289123535,13.579992294311523,3.5192322731018066,18.02568817138672
2004-01-29,19.223024368286133,19.973464965820312,13.905755043029785,3.5382039546966553,17.744232177734375
2004-01-30,18.869232177734375,19.645952224731445,13.875452995300293,3.5154383182525635,17.531688690185547
2004-02-02,18.711984634399414,19.59778594970703,14.170917510986328,3.485083818435669,17.416797637939453
2004-02-03,18.28742790222168,19.462919235229492,14.284558296203613,3.4863505363464355,18.037189483642578
2004-02-04,18.232397079467773,19.434030532836914,14.496685981750488,3.475598096847534,17.26646614074707
2004-02-05,18.24025535583496,19.448476791381836,14.545928001403809,3.4926719665527344,17.208951950073242
2004-02-06,18.358186721801758,19.511089324951172,14.716397285461426,3.464215040206909,17.761110305786133
2004-02-09,18.688400268554688,19.738862991333008,14.428492546081543,3.442082405090332,17.58281135559082
2004-02-10,18.932126998901367,19.913331985473633,14.409560203552246,3.4895107746124268,17.5655460357666
2004-02-11,21.699609756469727,20.315563201904297,14.51611042022705,3.4737000465393066,17.82438087463379
2004-02-12,22.01409912109375,20.31072235107422,14.356287956237793,3.49330472946167,17.680583953857422
2004-02-13,21.16498374938965,20.31072235107422,14.223118782043457,3.4566261768341064,17.335485458374023
2004-02-17,21.149259567260742,20.465801239013672,14.363901138305664,3.487614870071411,17.720848083496094
2004-02-18,20.9998836517334,20.257423400878906,14.23453140258789,3.4857163429260254,17.600061416625977
2004-02-19,21.227880477905273,20.33012580871582,14.185070991516113,3.49330472946167,17.191696166992188
2004-02-20,20.874086380004883,20.36888313293457,14.18126106262207,3.500260829925537,17.25497055053711
2004-02-23,21.03132438659668,20.635417938232422,14.09754753112793,3.5812060832977295,16.67980194091797
2004-02-24,20.410219192504883,20.50457763671875,14.143207550048828,3.5521163940429688,16.794828414916992
2004-02-25,20.677528381347656,20.669353485107422,14.1736478805542,3.57804536819458,17.03639793395996
2004-02-26,21.01560401916504,20.50457763671875,14.127985954284668,3.6058688163757324,16.96738052368164
2004-02-27,20.858362197875977,20.436731338500977,13.945352554321289,3.63938570022583,16.794828414916992
2004-03-01,21.125675201416016,20.606348037719727,14.040474891662598,3.679227828979492,17.076663970947266
2004-03-02,21.03919219970703,20.373735427856445,13.945352554321289,3.676065683364868,17.024887084960938
2004-03-03,20.95270347595215,20.30588150024414,14.063308715820312,3.664682388305664,16.702816009521484
2004-03-04,21.070636749267578,20.233203887939453,14.219310760498047,3.633063554763794,17.05365562438965
2004-03-05,20.819046020507812,20.591800689697266,14.143207550048828,3.681755542755127,16.651037216186523
2004-03-08,20.630355834960938,20.625736236572266,14.272575378417969,3.682389736175537,15.932084083557129
2004-03-09,20.62249183654785,20.732357025146484,14.19267749786377,3.6798605918884277,16.093124389648438
2004-03-10,20.009241104125977,20.562734603881836,13.838811874389648,3.6956675052642822,15.70776653289795
2004-03-11,19.61613655090332,20.039331436157227,13.408843040466309,3.603534698486328,15.57547378540039
2004-03-12,20.520282745361328,20.36888313293457,13.427876472473145,3.474928379058838,15.9263277053833
2004-03-15,19.91489601135254,20.247718811035156,13.298501014709473,3.440375566482544,15.586983680725098
2004-03-16,19.96993064880371,20.388261795043945,13.477339744567871,3.453171730041504,15.62149715423584
2004-03-17,20.284420013427734,20.470659255981445,13.2794771194458,3.5049993991851807,15.983844757080078
2004-03-18,20.229387283325195,20.577272415161133,13.20337200164795,3.521635055541992,15.64450740814209
2004-03-19,19.962072372436523,20.11202621459961,12.917998313903809,3.497960329055786,15.236130714416504
2004-03-22,19.57682228088379,19.84063148498535,12.822869300842285,3.3885481357574463,15.086591720581055
2004-03-23,19.734066009521484,19.753402709960938,12.990296363830566,3.3955881595611572,15.046327590942383
2004-03-24,19.474613189697266,19.433551788330078,13.005521774291992,3.389188766479492,15.259145736694336
2004-03-25,19.69475555419922,19.506248474121094,13.054981231689453,3.4147815704345703,15.983844757080078
2004-03-26,19.734066009521484,19.74371337890625,13.047371864318848,3.4301390647888184,15.748023986816406
2004-03-29,19.812692642211914,19.913331985473633,13.3251371383667,3.4730072021484375,15.9263277053833
2004-03-30,19.796966552734375,20.13625717163086,13.370795249938965,3.4710865020751953,15.776786804199219
2004-03-31,19.647584915161133,20.1556396484375,13.336545944213867,3.4838826656341553,15.64450740814209
2004-04-01,19.930622100830078,20.121728897094727,13.542012214660645,3.5254719257354736,15.748023986816406
2004-04-02,20.4023494720459,20.31072235107422,13.698030471801758,3.510756731033325,16.173654556274414
2004-04-05,20.83477210998535,20.475507736206055,13.747492790222168,3.537630319595337,16.420974731445312
2004-04-06,20.905532836914062,20.44643211364746,13.621930122375488,3.5555450916290283,16.25992774963379
2004-04-07,20.44952392578125,20.30588150024414,13.57246208190918,3.528671979904175,15.886068344116211
2004-04-08,20.63821792602539,20.572429656982422,13.545825958251953,3.542748212814331,15.742278099060059
2004-04-12,20.205791473388672,20.89228057861328,13.57246208190918,3.5581042766571045,15.87456226348877
2004-04-13,19.655447006225586,20.751741409301758,13.46591567993164,3.524195432662964,15.914826393127441
2004-04-14,19.655447006225586,20.98436164855957,13.625730514526367,3.5561864376068115,15.742278099060059
2004-04-15,19.41958236694336,21.168516159057617,14.207897186279297,3.5568251609802246,15.333909034729004
2004-04-16,19.57682228088379,21.25575065612793,14.314435005187988,3.5766589641571045,15.21312427520752
2004-04-19,19.624000549316406,21.192747116088867,14.299216270446777,3.6118505001068115,15.34541130065918
2004-04-20,19.49820327758789,20.98436164855957,13.96436882019043,3.6041736602783203,14.994566917419434
2004-04-21,19.655447006225586,20.81473731994629,14.040474891662598,3.57218337059021,15.11534309387207
2004-04-22,19.561098098754883,20.98436164855957,13.903499603271484,3.615051031112671,15.253382682800293
2004-04-23,19.38027000427246,20.824432373046875,13.857834815979004,3.5766589641571045,15.834306716918945
2004-04-26,19.167991638183594,20.84381675720215,13.808368682861328,3.5561864376068115,15.615741729736328
2004-04-27,19.0107479095459,21.202434539794922,13.865450859069824,3.5772993564605713,15.460444450378418
2004-04-28,18.829919815063477,20.897113800048828,13.652359008789062,3.536989450454712,15.155611038208008
2004-04-29,18.633363723754883,20.61604118347168,13.534403800964355,3.5126752853393555,15.02907943725586
2004-04-30,18.106595993041992,20.62088966369629,13.606709480285645,3.5433878898620605,14.799012184143066
2004-05-03,18.185216903686523,21.168516159057617,13.78172779083252,3.605452299118042,14.977309226989746
2004-05-04,18.09873390197754,21.090986251831055,13.930130958557129,3.603534698486328,15.11534309387207
2004-05-05,18.08301544189453,21.318750381469727,13.937739372253418,3.5990545749664307,15.092302322387695
2004-05-06,17.886457443237305,21.2412109375,13.907299995422363,3.605452299118042,14.96557331085205
2004-05-07,17.650590896606445,20.960132598876953,13.835003852844238,3.560662269592285,15.247832298278809
2004-05-10,17.375411987304688,20.378572463989258,13.698030471801758,3.512036085128784,15.293925285339355
2004-05-11,18.06728744506836,20.778528213500977,13.663782119750977,3.416701555252075,15.996691703796387
2004-05-12,18.08301544189453,20.973636627197266,13.652318000793457,3.186361789703369,15.881485939025879
2004-05-13,18.318880081176758,20.841938018798828,13.533796310424805,3.1287782192230225,15.806601524353027
2004-05-14,18.27170753479004,21.105327606201172,13.61025619506836,3.1914803981781006,15.576175689697266
2004-05-17,18.0043888092041,20.998029708862305,13.572023391723633,3.1652488708496094,15.460970878601074
2004-05-18,17.957218170166016,20.822437286376953,13.591145515441895,3.1946792602539062,15.639545440673828
2004-05-19,18.08301544189453,20.778528213500977,13.44586181640625,3.155010223388672,15.616508483886719
2004-05-20,18.122323989868164,20.841938018798828,13.33881664276123,3.1511714458465576,15.789315223693848
2004-05-21,17.831422805786133,20.778528213500977,13.3082275390625,3.1556501388549805,15.869959831237793
2004-05-24,18.24025535583496,20.876083374023438,13.170598030090332,2.876044750213623,15.979413032531738
2004-05-25,18.67267417907715,21.373605728149414,13.281465530395508,2.984815835952759,16.18678855895996
2004-05-26,18.601911544799805,21.24190902709961,13.33881664276123,3.050079345703125,16.34231948852539
2004-05-27,18.641225814819336,21.154111862182617,13.533796310424805,3.0980656147003174,16.388408660888672
2004-05-28,18.45253562927246,21.095582962036133,13.510856628417969,3.0692737102508545,16.446006774902344
2004-06-01,18.743436813354492,21.315061569213867,13.552909851074219,3.100623607635498,16.319276809692383
2004-06-02,19.19944190979004,21.354101181030273,13.663782119750977,3.1031835079193115,16.13493537902832
2004-06-03,18.84564208984375,21.24190902709961,13.591145515441895,3.1134214401245117,15.789315223693848
2004-06-04,18.916404724121094,21.154111862182617,13.617901802062988,3.094865560531616,16.209836959838867
2004-06-07,19.183719635009766,21.461408615112305,13.770825386047363,3.144134283065796,16.56121063232422
2004-06-08,19.340957641601562,21.40774154663086,13.816701889038086,3.1428539752960205,16.699464797973633
2004-06-09,19.325237274169922,21.193130493164062,13.698190689086914,3.1121408939361572,16.35959815979004
2004-06-10,19.435306549072266,21.451642990112305,13.63320255279541,3.1019043922424316,16.49785041809082
2004-06-14,19.435306549072266,21.388227462768555,13.438220977783203,3.0902252197265625,16.123422622680664
2004-06-15,19.41958236694336,21.50041389465332,13.415282249450684,3.0856809616088867,16.376882553100586
2004-06-16,19.55323600769043,21.817462921142578,13.464981079101562,3.1025540828704834,16.198305130004883
2004-06-17,19.545377731323242,21.836977005004883,13.484091758728027,3.0947659015655518,15.916044235229492
2004-06-18,19.67116928100586,21.93939781188965,13.54526424407959,3.0876286029815674,15.921808242797852
2004-06-21,19.61613655090332,21.817462921142578,13.45733642578125,3.098011016845703,15.852676391601562
2004-06-22,19.592544555664062,21.900379180908203,13.34264087677002,3.103850841522217,16.15222930908203
2004-06-23,19.38027000427246,22.173534393310547,13.365575790405273,3.145382881164551,16.428726196289062
2004-06-24,19.922758102416992,22.080852508544922,13.3082275390625,3.144084930419922,16.100383758544922
2004-06-25,19.796966552734375,21.58333969116211,12.929743766784668,3.1019043922424316,16.00245475769043
2004-06-28,19.84413719177246,21.64673614501953,13.021496772766113,3.2187137603759766,15.772032737731934
2004-06-29,20.040693283081055,21.739418029785156,13.128549575805664,3.258946180343628,15.898765563964844
2004-06-30,20.040693283081055,21.661378860473633,13.105605125427246,3.247915744781494,15.898765563964844
2004-07-01,19.875585556030273,21.74917984008789,12.971796989440918,3.233637809753418,15.564659118652344
2004-07-02,19.867727279663086,21.812593460083008,12.975624084472656,3.223904848098755,15.167190551757812
2004-07-06,19.41958236694336,21.997926712036133,12.948864936828613,3.207031726837158,15.040464401245117
2004-07-07,19.443166732788086,22.129623413085938,12.891515731811523,3.1992452144622803,15.17294979095459
2004-07-08,19.1444034576416,22.10523223876953,12.975624084472656,3.205734968185425,15.103824615478516
2004-07-09,19.340957641601562,22.16865348815918,12.998559951782227,3.2284464836120605,15.305440902709961
2004-07-12,19.1444034576416,22.16377067565918,12.853283882141113,3.2277982234954834,15.11534309387207
2004-07-13,19.050058364868164,22.051589965820312,13.059723854064941,3.197298765182495,15.057743072509766
2004-07-14,19.01860809326172,22.173534393310547,13.002379417419434,3.179777145385742,13.467869758605957
2004-07-15,18.767019271850586,22.10523223876953,12.455682754516602,3.1278631687164307,13.335382461547852
2004-07-16,18.436811447143555,22.354005813598633,12.3792142868042,3.158360481262207,13.093433380126953
2004-07-19,18.46826171875,22.388139724731445,12.275994300842285,3.1687445640563965,13.197127342224121
2004-07-20,18.790607452392578,22.388139724731445,12.360100746154785,3.1648504734039307,13.387222290039062
2004-07-21,18.586193084716797,22.032075881958008,12.23393726348877,3.1135854721069336,12.995509147644043
2004-07-22,18.326738357543945,22.139389038085938,12.428915023803711,3.0688090324401855,13.404498100280762
2004-07-23,18.051563262939453,22.10523223876953,12.3486328125,3.0694572925567627,13.058878898620605
2004-07-26,17.965078353881836,22.110116958618164,12.134539604187012,3.0473945140838623,13.23168659210205
2004-07-27,18.043703079223633,22.14912986755371,12.272172927856445,3.056478261947632,13.404498100280762
2004-07-28,17.957218170166016,22.344240188598633,12.088658332824707,3.0305216312408447,13.513944625854492
2004-07-29,18.08301544189453,22.45154571533203,12.207175254821777,3.062969207763672,13.963261604309082
2004-07-30,18.153772354125977,22.58323860168457,12.218649864196777,3.0889267921447754,14.043907165527344
2004-08-02,18.16163444519043,22.558853149414062,12.310400009155273,3.1019043922424316,14.343451499938965
2004-08-03,17.90218162536621,22.871028900146484,12.40597915649414,3.0837342739105225,13.922944068908691
2004-08-04,17.682039260864258,22.553979873657227,12.386861801147461,3.070105791091919,13.830619812011719
2004-08-05,17.516935348510742,22.354005813598633,12.10013198852539,3.0370099544525146,13.657517433166504
2004-08-06,17.288930892944336,22.007680892944336,11.920443534851074,3.026627779006958,13.13823127746582
2004-08-09,17.249618530273438,22.22229766845703,11.928088188171387,3.0207889080047607,13.02282428741455
2004-08-10,17.642728805541992,22.09061050415039,12.035133361816406,3.0441486835479736,13.005520820617676
2004-08-11,17.123823165893555,22.14457130432129,12.211954116821289,3.0616698265075684,12.78625774383545
2004-08-12,16.67568588256836,21.864898681640625,12.081265449523926,3.0746493339538574,12.25541877746582
2004-08-13,16.424089431762695,22.041540145874023,11.973637580871582,3.0538833141326904,12.440061569213867
2004-08-16,16.942995071411133,22.124956130981445,12.069730758666992,3.0856809616088867,12.359277725219727
2004-08-17,17.281068801879883,21.76675796508789,12.062043190002441,3.0921709537506104,12.411212921142578
2004-08-18,17.50120735168457,21.98756980895996,12.242696762084961,3.1362972259521484,12.820878028869629
2004-08-19,17.611282348632812,22.124956130981445,12.100481986999512,3.1375958919525146,12.699702262878418
2004-08-20,17.642728805541992,22.203466415405273,12.200422286987305,3.1531708240509033,12.474677085876465
2004-08-23,17.430448532104492,22.07588768005371,12.165824890136719,3.161606788635254,12.630463600158691
2004-08-24,17.540523529052734,22.007192611694336,12.119704246520996,3.1674468517303467,12.503522872924805
2004-08-25,17.689903259277344,22.174020767211914,12.26577091217041,3.166796922683716,12.665085792541504
2004-08-26,17.831422805786133,22.203466415405273,12.419526100158691,3.1784791946411133,12.561235427856445
2004-08-27,17.815696716308594,22.296695709228516,12.550217628479004,3.1882131099700928,12.705476760864258
2004-08-30,17.611282348632812,22.14457130432129,12.411837577819824,3.1784791946411133,12.463135719299316
2004-08-31,17.650590896606445,22.62055015563965,12.557903289794922,3.1765310764312744,12.284273147583008
2004-09-01,17.674177169799805,22.787372589111328,12.434898376464844,3.179777145385742,12.365045547485352
2004-09-02,17.72135353088379,23.052358627319336,12.569437026977539,3.1888630390167236,12.480446815490723
2004-09-03,17.587692260742188,23.09160614013672,12.511774063110352,3.1927554607391357,11.5687894821167
2004-09-07,17.839284896850586,23.135761260986328,12.584813117980957,3.21416974067688,11.47647476196289
2004-09-08,17.99652671813965,23.096511840820312,12.596341133117676,3.2193610668182373,11.378385543823242
2004-09-09,17.972938537597656,23.29768943786621,12.46949577331543,3.223255157470703,11.638031005859375
2004-09-10,18.20880889892578,23.243715286254883,12.246548652648926,3.241424322128296,11.868830680847168
2004-09-13,18.334604263305664,23.307506561279297,12.350337982177734,3.2164011001586914,12.001537322998047
2004-09-14,18.279565811157227,23.292787551879883,12.346488952636719,3.2335221767425537,11.984228134155273
2004-09-15,18.090877532958984,23.27315330505371,12.242696762084961,3.223644971847534,11.782281875610352
2004-09-16,18.39750099182129,23.332040786743164,12.215802192687988,3.221011161804199,11.603414535522461
2004-09-17,18.413219451904297,23.734405517578125,12.192733764648438,3.1926920413970947,11.880369186401367
2004-09-20,18.185216903686523,23.655887603759766,11.912135124206543,3.100494384765625,12.070781707763672
2004-09-21,18.40536117553711,24.283964157104492,11.873693466186523,3.0392472743988037,12.16309642791748
2004-09-22,18.318880081176758,23.974828720092773,11.608464241027832,2.9885382652282715,11.782281875610352
2004-09-23,18.28742790222168,23.435083389282227,11.504684448242188,3.0115890502929688,11.759194374084473
2004-09-24,18.444673538208008,23.469440460205078,11.400900840759277,2.977344036102295,11.61495304107666
2004-09-27,18.21666717529297,23.533222198486328,11.38552474975586,2.9733920097351074,11.49378490447998
2004-09-28,17.768526077270508,23.812896728515625,11.56234073638916,3.0445165634155273,11.355303764343262
2004-09-29,17.925769805908203,23.62645149230957,11.60077953338623,3.0636138916015625,11.580330848693848
2004-09-30,17.729211807250977,23.714778900146484,11.762222290039062,3.0978596210479736,11.574563980102539
2004-10-01,18.14590835571289,23.98954963684082,11.904449462890625,3.161081075668335,12.030391693115234
2004-10-04,18.507570266723633,24.004276275634766,12.031298637390137,3.1498866081237793,12.191950798034668
2004-10-05,18.774887084960938,24.200550079345703,12.027445793151855,3.1314473152160645,12.301583290100098
2004-10-06,19.13654136657715,24.548938751220703,11.98516845703125,3.1446163654327393,12.191950798034668
2004-10-07,19.458887100219727,24.40664291381836,11.52774429321289,3.085345983505249,12.25541877746582
2004-10-08,19.537513732910156,24.455699920654297,11.45471477508545,3.0629563331604004,11.857292175292969
2004-10-11,19.57682228088379,24.43117332458496,11.650749206542969,3.095883369445801,11.891911506652832
2004-10-12,19.529651641845703,24.225080490112305,11.47778034210205,3.0932507514953613,11.701504707336426
2004-10-13,19.66330909729004,23.78836441040039,11.35861873626709,3.1057615280151367,12.111169815063477
2004-10-14,19.537513732910156,23.901227951049805,11.177953720092773,3.0925910472869873,11.834208488464355
2004-10-15,19.584684371948242,24.053346633911133,10.955009460449219,3.1314473152160645,11.891911506652832
2004-10-18,19.718339920043945,23.920856475830078,11.14720344543457,3.1215667724609375,11.995774269104004
2004-10-19,19.568958282470703,23.70496368408203,11.14720344543457,3.1215667724609375,12.001537322998047
2004-10-20,19.451026916503906,23.979740142822266,10.878133773803711,3.1222259998321533,12.376590728759766
2004-10-21,19.891313552856445,23.9503116607666,10.931949615478516,3.116299629211426,12.515067100524902
2004-10-22,19.356685638427734,23.896331787109375,10.662878036499023,3.082054615020752,12.290034294128418
2004-10-25,19.333097457885742,23.9503116607666,10.678253173828125,3.0392472743988037,12.295805931091309
2004-10-26,19.55323600769043,24.234886169433594,10.889668464660645,3.095224142074585,12.347734451293945
2004-10-27,19.631858825683594,24.018999099731445,11.162577629089355,3.1630570888519287,12.69393539428711
2004-10-28,19.749794006347656,23.85216522216797,11.035734176635742,3.2065231800079346,12.849725723266602
2004-10-29,19.82841682434082,24.151479721069336,11.127985000610352,3.1913750171661377,12.843955039978027
2004-11-01,19.83627700805664,23.9552059173584,11.070329666137695,3.19730281829834,12.947816848754883
2004-11-02,20.017107009887695,23.763835906982422,11.031892776489258,3.198618173599243,13.045906066894531
2004-11-03,20.15862464904785,24.176021575927734,11.32017707824707,3.292792558670044,13.103707313537598
2004-11-04,20.693260192871094,24.6274471282959,11.17026424407959,3.5713627338409424,13.225093841552734
2004-11-05,20.779739379882812,24.7255802154541,11.066488265991211,3.5601677894592285,13.502542495727539
2004-11-08,20.473108291625977,24.61763572692871,10.920419692993164,3.5838756561279297,13.427396774291992
2004-11-09,20.653942108154297,24.326557159423828,10.823739051818848,3.549631118774414,13.3406982421875
2004-11-10,20.960569381713867,24.504165649414062,10.622654914855957,3.5568747520446777,13.213530540466309
2004-11-11,20.905532836914062,24.499235153198242,10.498913764953613,3.5924370288848877,13.392714500427246
2004-11-12,21.070636749267578,24.87416648864746,10.614923477172852,3.604951858520508,13.693289756774902
2004-11-15,21.01560401916504,24.459762573242188,10.68066120147705,3.5759732723236084,13.739531517028809
2004-11-16,20.858362197875977,24.375898361206055,10.564654350280762,3.5818982124328613,13.779986381530762
2004-11-17,20.881946563720703,24.666963577270508,10.823739051818848,3.7814433574676514,14.057439804077148
2004-11-18,20.732566833496094,24.691633224487305,10.738667488098145,3.8657386302948,14.334885597229004
2004-11-19,20.960569381713867,24.85443115234375,10.529851913452148,3.822932004928589,13.96495532989502
2004-11-22,21.37726593017578,25.11590576171875,10.46798038482666,3.803173542022705,13.930276870727539
2004-11-23,21.479473114013672,25.258974075317383,10.402236938476562,3.766296863555908,13.508318901062012
2004-11-24,21.49519157409668,25.40203857421875,10.359702110290527,3.7774925231933594,13.647046089172363
2004-11-26,21.322227478027344,25.480981826782227,10.502779006958008,3.8321518898010254,13.4158353805542
2004-11-29,21.275056838989258,25.342845916748047,10.568522453308105,3.8123953342437744,13.329136848449707
2004-11-30,21.133535385131836,25.283649444580078,10.738667488098145,3.78605318069458,12.936083793640137
2004-12-01,21.76250457763672,25.234312057495117,10.916543960571289,3.759711980819702,13.352253913879395
2004-12-02,21.715330123901367,24.75082015991211,11.0054931640625,3.819640636444092,13.12682819366455
2004-12-03,21.518779754638672,24.800168991088867,10.785072326660156,3.839397668838501,13.820454597473145
2004-12-06,21.479473114013672,24.736032485961914,10.522115707397461,3.816347122192383,13.87824821472168
2004-12-07,21.30650520324707,24.51895523071289,10.518245697021484,3.802518129348755,13.571906089782715
2004-12-08,21.576204299926758,24.676847457885742,10.634258270263672,3.821614980697632,13.300230026245117
2004-12-09,21.90936851501465,24.824846267700195,10.58398723602295,3.875617504119873,13.155726432800293
2004-12-10,21.91730308532715,24.740968704223633,10.47571086883545,3.894714117050171,13.040122985839844
2004-12-13,21.996623992919922,24.997499465942383,10.502779006958008,3.941474437713623,13.080584526062012
2004-12-14,21.941099166870117,24.99256706237793,10.568522453308105,4.0020599365234375,13.433180809020996
2004-12-15,21.893505096435547,24.9185733795166,10.951351165771484,4.004035949707031,13.375371932983398
2004-12-16,21.853843688964844,24.71629524230957,11.206575393676758,4.011281967163086,13.21931266784668
2004-12-17,21.711057662963867,24.56829833984375,9.95753002166748,3.9493751525878906,13.161513328552246
2004-12-20,21.75071907043457,25.189903259277344,9.392953872680664,3.9678168296813965,13.121041297912598
2004-12-21,21.79831314086914,25.500717163085938,9.65590763092041,4.019841194152832,13.577681541442871
2004-12-22,21.91730308532715,25.30337142944336,10.034869194030762,4.065165996551514,13.554557800292969
2004-12-23,21.885570526123047,25.63884162902832,10.081278800964355,4.054502010345459,13.606579780578613
2004-12-27,22.012493133544922,25.10110855102539,10.247559547424316,4.05583381652832,13.508318901062012
2004-12-28,22.202871322631836,25.184982299804688,10.417705535888672,4.104491710662842,13.456298828125
2004-12-29,22.171142578125,25.22443199157715,10.541449546813965,4.105823516845703,13.438961029052734
2004-12-30,22.11561393737793,25.17510414123535,10.444774627685547,4.074495792388916,13.438961029052734
2004-12-31,22.05215072631836,25.288572311401367,10.398371696472168,4.0724992752075195,13.519877433776855
2005-01-03,22.091819763183594,24.711366653442383,10.228222846984863,4.041171550750732,13.334917068481445
2005-01-04,21.853843688964844,24.54363441467285,10.228222846984863,4.069163799285889,13.069029808044434
2005-01-05,21.734853744506836,24.415361404418945,10.15861701965332,4.061832904815674,12.941856384277344
2005-01-06,21.766586303710938,24.726163864135742,10.166351318359375,4.0331711769104,12.982327461242676
2005-01-07,21.552410125732422,24.563356399536133,10.170220375061035,4.092494010925293,13.178850173950195
2005-01-10,21.63966941833496,24.65709686279297,10.22435474395752,4.145817279815674,13.225093841552734
2005-01-11,21.584138870239258,24.592967987060547,10.112212181091309,4.105823516845703,13.028559684753418
2005-01-12,21.988691329956055,24.958036422729492,10.065812110900879,4.107822895050049,13.386937141418457
2005-01-13,22.012493133544922,24.93830108642578,9.795117378234863,4.152479648590088,13.190406799316406
2005-01-14,22.448776245117188,25.19484519958496,9.764183044433594,4.222466468811035,13.30601692199707
2005-01-18,22.797800064086914,25.406978607177734,9.783519744873047,4.263123989105225,13.259773254394531
2005-01-19,22.607425689697266,25.184982299804688,9.621099472045898,4.2364654541015625,13.06324291229248
2005-01-20,22.623287200927734,25.022167205810547,9.65977668762207,4.205803394317627,13.051684379577637
2005-01-21,22.329792022705078,24.884037017822266,9.466423034667969,4.18247652053833,12.95920467376709
2005-01-24,22.171142578125,25.22443199157715,9.381349563598633,4.143148899078369,12.710657119750977
2005-01-25,22.845394134521484,25.323095321655273,9.50895881652832,4.151812553405762,12.866720199584961
2005-01-26,22.670883178710938,25.505659103393555,9.50895881652832,4.121822834014893,12.95920467376709
2005-01-27,22.448776245117188,25.53031349182129,9.543760299682617,4.174478054046631,12.89561939239502
2005-01-28,22.393247604370117,25.29351806640625,9.41615104675293,4.21246862411499,12.855159759521484
2005-01-31,22.71054458618164,25.456321716308594,9.342679023742676,4.254459381103516,12.97653865814209
2005-02-01,22.845394134521484,26.28018569946289,9.22667121887207,4.259792804718018,13.080584526062012
2005-02-02,22.869192123413086,26.60578727722168,9.30787467956543,4.259127140045166,13.051684379577637
2005-02-03,22.845394134521484,26.896852493286133,9.246005058288574,4.248462200164795,12.982081413269043
2005-02-04,23.24994659423828,27.27672576904297,9.36974811553955,4.465749263763428,13.341728210449219
2005-02-07,23.70209503173828,27.33100128173828,9.632702827453613,4.435758113861084,13.289515495300293
2005-02-08,23.670368194580078,27.653234481811523,9.880192756652832,4.4257588386535645,13.579556465148926
2005-02-09,23.28168296813965,27.534259796142578,9.759421348571777,4.351107597351074,13.515740394592285
2005-02-10,23.28168296813965,27.930864334106445,9.759421348571777,4.4257588386535645,13.631760597229004
2005-02-11,23.273746490478516,27.81683921813965,9.79837417602539,4.412428379058838,14.020407676696777
2005-02-14,23.31340789794922,28.173776626586914,9.926941871643066,4.405762195587158,14.101617813110352
2005-02-15,23.46412467956543,28.21839714050293,9.82564640045166,4.403095245361328,14.194433212280273
2005-02-16,23.26581573486328,28.991777420043945,9.720453262329102,4.3664374351501465,14.002999305725098
2005-02-17,23.28168296813965,28.818267822265625,9.763312339782715,4.31378173828125,13.707164764404297
2005-02-18,23.0516414642334,29.45282745361328,10.441208839416504,4.325779914855957,13.933395385742188
2005-02-22,22.551902770996094,28.877750396728516,10.359395980834961,4.207135200500488,13.782572746276855
2005-02-23,22.72641372680664,29.457786560058594,10.250313758850098,4.289121627807617,13.521544456481934
2005-02-24,22.329792022705078,30.305522918701172,10.285374641418457,4.345108509063721,13.747777938842773
2005-02-25,22.12354278564453,31.361495971679688,10.464591026306152,4.3790998458862305,13.973998069763184
2005-02-28,22.1632080078125,31.386287689208984,10.242512702941895,4.375770092010498,13.91598892211914
2005-03-01,22.591556549072266,30.786415100097656,10.36719036102295,4.405762195587158,14.281445503234863
2005-03-02,22.75813865661621,31.07394790649414,10.36719036102295,4.389765739440918,14.22343635559082
2005-03-03,22.662952423095703,31.25738525390625,10.359395980834961,4.378432273864746,14.21183967590332
2005-03-04,22.908855438232422,31.515165328979492,10.460692405700684,4.402431488037109,14.316242218017578
2005-03-07,22.972314834594727,31.232593536376953,10.589259147644043,4.375770092010498,14.565679550170898
2005-03-08,22.631221771240234,31.282180786132812,10.425622940063477,4.3790998458862305,14.38585376739502
2005-03-09,22.194934844970703,30.136966705322266,10.417840003967285,4.331778526306152,14.40906047821045
2005-03-10,22.210800170898438,29.928754806518555,10.421728134155273,4.3651041984558105,14.41485595703125
2005-03-11,21.885570526123047,30.265878677368164,10.269790649414062,4.39071798324585,14.037811279296875
2005-03-14,22.226669311523438,30.3798828125,10.336023330688477,4.392739772796631,14.07841968536377
2005-03-15,22.686750411987305,29.918848037719727,10.242512702941895,4.398131847381592,13.852190017700195
2005-03-16,22.72641372680664,29.88909339904785,10.14901351928711,4.348926067352295,13.65495777130127
2005-03-17,22.50429916381836,30.484010696411133,10.133432388305664,4.37454080581665,13.579556465148926
2005-03-18,22.282194137573242,31.059072494506836,10.063300132751465,4.3624091148376465,13.579556465148926
2005-03-21,22.35359001159668,30.811199188232422,10.016552925109863,4.265344619750977,13.631760597229004
2005-03-22,22.036291122436523,30.191509246826172,9.903568267822266,4.283544063568115,13.353325843811035
2005-03-23,22.036291122436523,29.789947509765625,10.145121574401855,4.30713415145874,13.567948341369629
2005-03-24,22.012493133544922,29.24957847595215,10.195764541625977,4.295003414154053,13.446128845214844
2005-03-28,22.34564971923828,29.195039749145508,10.219143867492676,4.3475775718688965,13.515740394592285
2005-03-29,22.13147735595703,28.887680053710938,9.989275932312012,4.33949089050293,13.428732872009277
2005-03-30,22.488433837890625,29.36854362487793,10.242512702941895,4.404872894287109,13.625956535339355
2005-03-31,22.789867401123047,29.547035217285156,10.234725952148438,4.407569885253906,13.475138664245605
2005-04-01,22.670883178710938,30.017969131469727,10.187976837158203,4.3934125900268555,13.347519874572754
2005-04-04,22.551902770996094,30.067575454711914,10.102264404296875,4.345556735992432,13.301114082336426
2005-04-05,22.63915252685547,29.775066375732422,10.480172157287598,4.381282806396484,13.417137145996094
2005-04-06,22.536029815673828,30.191509246826172,10.464591026306152,4.4176788330078125,13.370729446411133
2005-04-07,22.766069412231445,30.166711807250977,10.480172157287598,4.427116870880127,13.579556465148926
2005-04-08,22.528100967407227,29.750276565551758,10.363288879394531,4.417006015777588,13.509943008422852
2005-04-11,22.313922882080078,29.88909339904785,10.30875015258789,4.418354034423828,13.411328315734863
2005-04-12,22.321855545043945,29.9585018157959,10.47237777709961,4.3940887451171875,13.469342231750488
2005-04-13,21.97282600402832,29.323936462402344,10.628222465515137,4.439924240112305,13.237306594848633
2005-04-14,21.91730308532715,29.125625610351562,10.694453239440918,4.414309978485107,13.045888900756836
2005-04-15,21.711057662963867,27.85649871826172,10.795746803283691,4.379931926727295,12.831256866455078
2005-04-18,21.369964599609375,28.382007598876953,10.752889633178711,4.295675754547119,12.883465766906738
2005-04-19,21.536544799804688,29.066137313842773,10.68276309967041,4.321964740753174,13.127094268798828
2005-04-20,21.11612892150879,28.32746696472168,10.425622940063477,4.2296223640441895,13.144495010375977
2005-04-21,21.949031829833984,29.388389587402344,10.616530418395996,4.402176856994629,13.55055046081543
2005-04-22,21.65553092956543,29.457786560058594,10.604844093322754,4.367800712585449,13.480941772460938
2005-04-25,21.576204299926758,29.725486755371094,10.53082275390625,4.402176856994629,13.579556465148926
2005-04-26,21.2589111328125,29.383424758911133,10.484070777893066,4.313877582550049,13.527342796325684
2005-04-27,21.290639877319336,28.942214965820312,10.487961769104004,4.370495319366455,13.63755989074707
2005-04-28,20.54499626159668,27.762300491333008,10.398357391357422,4.345556735992432,13.451937675476074
2005-04-29,20.941614151000977,28.27292823791504,10.585365295410156,4.380606651306152,13.643365859985352
2005-05-02,20.886083602905273,28.62493896484375,10.678869247436523,4.408915996551514,13.660765647888184
2005-05-03,20.8226261138916,28.010189056396484,10.7139310836792,4.448010444641113,13.823180198669434
2005-05-04,21.2509765625,28.37208366394043,10.842496871948242,4.499237537384033,14.032713890075684
2005-05-05,21.18752098083496,28.654661178588867,10.850289344787598,4.504631042480469,14.120023727416992
2005-05-06,21.33030128479004,28.555522918701172,10.756784439086914,4.468905925750732,14.253890037536621
2005-05-09,21.46515464782715,28.758766174316406,10.897040367126465,4.456773281097412,14.434313774108887
2005-05-10,21.377897262573242,28.37208366394043,10.776266098022461,4.432507514953613,14.358648300170898
2005-05-11,21.155786514282227,28.546483993530273,10.846880912780762,4.407569885253906,14.416852951049805
2005-05-12,21.21924591064453,27.31573486328125,10.839030265808105,4.39071798324585,14.457599639892578
2005-05-13,21.417558670043945,26.75765037536621,10.9292631149292,4.377910137176514,14.620560646057129
2005-05-16,21.47308921813965,26.583261489868164,11.074405670166016,4.455423831939697,14.742792129516602
2005-05-17,21.63966941833496,26.83736801147461,11.062640190124512,4.468905925750732,14.95814037322998
2005-05-18,21.814178466796875,26.732742309570312,11.1567964553833,4.497891426086426,15.09200382232666
2005-05-19,22.1632080078125,27.32071304321289,11.266629219055176,4.54305362701416,15.138571739196777
2005-05-20,22.075950622558594,26.912132263183594,11.211710929870605,4.567991733551025,15.336458206176758
2005-05-23,21.853843688964844,27.280839920043945,11.282327651977539,4.5794501304626465,15.4237699508667
2005-05-24,21.941099166870117,27.425357818603516,11.313706398010254,4.583494186401367,15.691497802734375
2005-05-25,21.933170318603516,27.744260787963867,11.247023582458496,4.571362018585205,15.714783668518066
2005-05-26,22.05215072631836,28.013330459594727,11.337244033813477,4.561924934387207,15.93012809753418
2005-05-27,22.11561393737793,28.302316665649414,11.121485710144043,4.553163051605225,15.941765785217285
2005-05-31,21.766586303710938,28.00337028503418,10.944950103759766,4.525525093078613,15.691497802734375
2005-06-01,21.877641677856445,28.476728439331055,11.050875663757324,4.5194621086120605,15.883564949035645
2005-06-02,21.766586303710938,28.561447143554688,11.062640190124512,4.5578813552856445,16.05817413330078
2005-06-03,21.671398162841797,28.476728439331055,10.968494415283203,4.5322651863098145,15.906841278076172
2005-06-06,21.481016159057617,28.70094108581543,10.98810863494873,4.527548789978027,15.813721656799316
2005-06-07,21.64759635925293,28.626209259033203,10.968494415283203,4.568665504455566,15.633294105529785
2005-06-08,21.742786407470703,28.267452239990234,10.846880912780762,4.634047508239746,15.772980690002441
2005-06-09,21.853843688964844,29.1195068359375,10.799805641174316,4.667749881744385,16.12220001220703
2005-06-10,21.830045700073242,29.089618682861328,10.858647346496582,4.6630330085754395,15.703141212463379
2005-06-13,22.02042579650879,29.124481201171875,10.941033363342285,4.654173851013184,15.714783668518066
2005-06-14,21.925235748291016,29.17432403564453,11.137173652648926,4.560844898223877,15.540167808532715
2005-06-15,21.449291229248047,29.523115158081055,11.152871131896973,4.528828144073486,15.679858207702637
2005-06-16,21.243043899536133,29.95661735534668,11.219560623168945,4.538366317749023,15.784622192382812
2005-06-17,21.17959213256836,30.34031105041504,11.29017448425293,4.566975116729736,15.784622192382812
2005-06-20,21.092330932617188,30.320363998413086,11.282327651977539,4.554033279418945,15.656579971313477
2005-06-21,21.20338249206543,29.652679443359375,11.22348403930664,4.560163497924805,15.819546699523926
2005-06-22,21.171653747558594,29.732391357421875,11.294095039367676,4.581964492797852,15.778802871704102
2005-06-23,20.83849334716797,29.408510208129883,11.337244033813477,4.509753704071045,15.580915451049805
2005-06-24,20.656044006347656,28.975008010864258,11.188175201416016,4.4382243156433105,15.190951347351074
2005-06-27,20.3308162689209,29.548032760620117,11.015565872192383,4.425961971282959,15.051270484924316
2005-06-28,20.513263702392578,29.443401336669922,10.944950103759766,4.440950393676758,15.324820518493652
2005-06-29,20.17216682434082,29.1195068359375,10.921418190002441,4.434817790985107,15.278258323669434
2005-06-30,19.97385597229004,28.63616180419922,10.819415092468262,4.404844284057617,15.144388198852539
2005-07-01,19.902467727661133,29.054733276367188,10.631121635437012,4.43004846572876,15.254971504211426
2005-07-05,19.862802505493164,29.966575622558594,10.611504554748535,4.431410789489746,15.528532028198242
2005-07-06,19.664491653442383,29.453350067138672,10.501663208007812,4.402118682861328,15.4237699508667
2005-07-07,19.39478874206543,29.657651901245117,10.493814468383789,4.373506546020508,15.45868968963623
2005-07-08,19.831071853637695,29.597850799560547,10.646811485290527,4.419149875640869,15.8777437210083
2005-07-11,19.97385597229004,29.88187599182129,10.63896369934082,4.484547138214111,16.12220001220703
2005-07-12,20.15630340576172,29.84202003479004,10.619352340698242,4.432775497436523,16.151304244995117
2005-07-13,20.394277572631836,29.7772274017334,10.682117462158203,4.484547138214111,16.05817413330078
2005-07-14,20.886083602905273,29.194244384765625,10.827262878417969,4.5390472412109375,16.22696876525879
2005-07-15,20.92574691772461,28.97997283935547,10.815498352050781,4.540410995483398,16.47140884399414
2005-07-18,20.663976669311523,28.975008010864258,10.689964294433594,4.489999771118164,16.430675506591797
2005-07-19,20.43393898010254,29.288921356201172,10.74096393585205,4.445719242095947,16.71004295349121
2005-07-20,20.48946762084961,29.39853286743164,10.615423202514648,4.513843059539795,15.970870971679688
2005-07-21,20.275291442871094,28.845457077026367,10.431048393249512,4.482506275177002,15.732234001159668
2005-07-22,20.48946762084961,29.647695541381836,10.39574146270752,4.531552791595459,15.569263458251953
2005-07-25,20.33875274658203,29.86691665649414,10.364359855651855,4.512478351593018,15.435404777526855
2005-07-26,20.529123306274414,29.697509765625,10.293745994567871,4.522698879241943,15.650753021240234
2005-07-27,20.48946762084961,29.697509765625,10.474199295043945,4.53359842300415,15.749699592590332
2005-07-28,20.58464813232422,29.896825790405273,10.501663208007812,4.571744918823242,15.912668228149414
2005-07-29,20.33875274658203,29.27397918701172,10.39574146270752,4.561528205871582,15.796260833740234
2005-08-01,20.314952850341797,29.513154983520508,10.450662612915039,4.524741172790527,15.778802871704102
2005-08-02,20.275291442871094,29.80215072631836,10.568351745605469,4.560844898223877,16.040712356567383
2005-08-03,20.441869735717773,29.39853286743164,10.564433097839355,4.5983147621154785,16.134113311767578
2005-08-04,20.32288360595703,29.15937042236328,10.434971809387207,4.601721286773682,15.766359329223633
2005-08-05,20.211830139160156,28.945106506347656,10.297667503356934,4.518608570098877,15.62626838684082
2005-08-08,20.15630340576172,29.323801040649414,10.28197956085205,4.50634765625,15.591248512268066
2005-08-09,20.73537254333496,29.62775230407715,10.474199295043945,4.523379325866699,15.702152252197266
2005-08-10,20.203895568847656,29.9932804107666,10.426791191101074,4.559484958648682,15.690475463867188
2005-08-11,20.529123306274414,30.51903533935547,10.446541786193848,4.595588207244873,15.65545654296875
2005-08-12,20.43393898010254,30.569103240966797,10.335918426513672,4.553352355957031,15.357758522033691
2005-08-15,20.759172439575195,30.253650665283203,10.351722717285156,4.565613746643066,15.486172676086426
2005-08-16,20.830556869506836,29.577672958374023,10.292454719543457,4.5894575119018555,15.176813125610352
2005-08-17,20.85435676574707,29.132041931152344,10.335918426513672,4.622838020324707,15.229340553283691
2005-08-18,20.687776565551758,29.096996307373047,10.225284576416016,4.795189380645752,15.106759071350098
2005-08-19,20.60052490234375,29.45249366760254,10.094902992248535,4.766578197479248,14.972505569458008
2005-08-22,20.410140991210938,29.577672958374023,10.019832611083984,4.746823310852051,15.211831092834473
2005-08-23,20.465669631958008,29.54262924194336,9.913153648376465,4.748185634613037,15.013360977172852
2005-08-24,20.148372650146484,29.482540130615234,9.90129566192627,4.742053031921387,14.902454376220703
2005-08-25,19.989717483520508,29.632747650146484,9.826234817504883,4.762491703033447,14.861593246459961
2005-08-26,20.09284210205078,29.247180938720703,9.834135055541992,4.733198642730713,14.832396507263184
2005-08-29,20.10870933532715,29.25221824645996,9.917104721069336,4.739330768585205,15.01919937133789
2005-08-30,20.061113357543945,29.347347259521484,9.932910919189453,4.761809349060059,14.92580509185791
2005-08-31,19.981788635253906,29.9932804107666,10.067243576049805,4.816307544708252,15.013360977172852
2005-09-01,19.585172653198242,30.884563446044922,9.996129035949707,4.772028923034668,14.744848251342773
2005-09-02,19.64069366455078,30.38384437561035,10.00798225402832,4.772707462310791,14.756523132324219
